city_name,id_num,city_from,city_longitude,city_latitude,CityPopulation,connected_component,an,clusters
אבו ג'ווייעד (שבט),0,967.0,34.923,30.986,4649.0,0,0,5
אבו גוש,1,472.0,35.109190000000005,31.80629,7862.0,0,0,3
אבו סנאן,2,473.0,35.17197,32.95803,14306.0,0,0,5
אבו סריחאן (שבט),3,935.0,34.923,30.986,19.0,0,0,1
אבו עבדון (שבט),4,958.0,34.923,30.986,270.0,0,0,1
אבו עמאר (שבט),5,1042.0,34.923,30.986,103.0,0,0,8
אבו עמרה (שבט),6,932.0,34.923,30.986,10.0,0,0,5
אבו קורינאת (יישוב),7,1342.0,34.96358,31.141090000000002,1167.0,0,0,5
אבו קורינאת (שבט),8,968.0,34.923,30.986,6661.0,0,0,5
אבו רובייעה (שבט),9,966.0,34.923,30.986,8843.0,0,0,5
אבו רוקייק (שבט),10,961.0,34.923,30.986,10222.0,0,0,5
אבו תלול,11,1375.0,34.93223,31.1762,2133.0,0,0,5
אבטין,12,652.0,35.11128,32.76185,2887.0,0,0,5
אבטליון,13,1275.0,35.35034,32.836999999999996,455.0,0,0,8
אביאל,14,679.0,34.99155,32.53168,766.0,0,0,3
אביבים,15,1115.0,35.470290000000006,33.08873,465.0,0,0,1
אביגדור,16,819.0,34.742059999999995,31.709120000000002,829.0,0,0,5
אביחיל,17,175.0,34.870020000000004,32.34998,1253.0,0,0,3
אביטל,18,2052.0,35.306340000000006,32.55733,541.0,0,0,8
אביעזר,19,1070.0,35.01545,31.680870000000002,829.0,0,0,8
אבן יהודה,20,182.0,34.88381,32.267959999999995,14036.0,0,0,3
אבן מנחם,21,1081.0,35.292790000000004,33.07365,334.0,1,1,1
אבן ספיר,22,783.0,35.13414,31.763509999999997,640.0,0,0,3
אבן שמואל,23,400.0,34.76263,31.57545,1804.0,0,0,3
אבני איתן,24,4011.0,35.76381,32.82204,781.0,0,0,5
אבני חפץ,25,3793.0,35.07355,32.28552,2079.0,0,0,5
אבנת,26,3786.0,35.43688,31.679000000000002,229.0,2,1,1
אבשלום,27,1311.0,34.33205,31.194640000000003,318.0,0,0,1
אדורה,28,3759.0,35.018029999999996,31.55299,471.0,0,0,2
אדירים,29,113.0,35.27216,32.54915,313.0,0,0,5
אדמית,30,1068.0,35.211940000000006,33.07991,368.0,3,1,1
אדרת,31,1123.0,34.99493,31.660190000000004,851.0,0,0,3
אודים,32,446.0,34.84805,32.265879999999996,1075.0,0,0,5
אודם,33,4010.0,35.74879,33.194309999999994,176.0,0,0,1
אוהד,34,1046.0,34.43116,31.237479999999998,375.0,0,0,5
אום אל-פחם,35,2710.0,35.151540000000004,32.52896,56713.0,0,0,3
אום אל-קוטוף,36,2024.0,35.05467,32.469190000000005,1158.0,0,0,7
אום בטין,37,1358.0,34.88091,31.275479999999998,4481.0,0,0,5
אומן,38,1108.0,35.242459999999994,32.5635,486.0,0,0,0
אומץ,39,680.0,34.99416,32.37045,694.0,0,0,2
אופקים,40,31.0,34.62492,31.30668,32378.0,0,0,3
אור הגנוז,41,1294.0,35.4465,33.00528,610.0,0,0,8
אור הנר,42,67.0,34.60273,31.557570000000002,854.0,0,0,8
אור יהודה,43,2400.0,34.85172,32.02845,36587.0,0,0,3
אור עקיבא,44,1020.0,34.92085,32.50448,19417.0,0,0,3
אורה,45,780.0,35.15368,31.75432,1072.0,0,0,5
אורות,46,2012.0,34.73081,31.74407,517.0,0,0,0
אורטל,47,4013.0,35.76578,33.08351,331.0,4,1,1
אורים,48,403.0,34.522940000000006,31.30402,386.0,0,0,0
אורנית,49,3760.0,34.9941,32.122640000000004,9010.0,0,0,3
אושה,50,278.0,35.11423,32.79585,456.0,0,0,1
אזור,51,565.0,34.8076,32.023179999999996,13228.0,0,0,3
"אזור רמת גן של""ש",52,1908.0,,,,0,0,1
אחווה,53,1157.0,34.76975,31.744390000000003,181.0,0,0,8
אחוזם,54,821.0,34.77032,31.55347,454.0,0,0,5
אחוזת ברק,55,1330.0,35.338409999999996,32.642070000000004,2398.0,0,0,3
אחיהוד,56,785.0,35.17751,32.90507,965.0,0,0,8
אחיטוב,57,850.0,34.99115,32.38785,949.0,0,0,5
אחיסמך,58,804.0,34.9076,31.934079999999998,1303.0,0,0,5
אחיעזר,59,797.0,34.87158,31.981609999999996,1880.0,0,0,3
אטרש (שבט),60,965.0,34.923,30.986,3598.0,0,0,5
איבים,61,338.0,34.6093,31.53425,404.0,0,0,8
אייל,62,716.0,34.97894,32.2109,531.0,0,0,8
איילת השחר,63,77.0,35.57894,33.02236,985.0,0,0,5
אילון,64,294.0,35.21718,33.063320000000004,1101.0,0,0,1
אילות,65,1126.0,34.96221,29.58147,312.0,5,1,1
אילניה,66,49.0,35.40569,32.75207,529.0,0,0,8
אילת,67,2600.0,34.93796,29.58178,52507.0,0,0,3
אירוס,68,1336.0,35.16168,31.86338,691.0,0,0,8
איתמר,69,3762.0,35.30761,32.17418,1261.0,0,0,3
איתן,70,37.0,34.74801,31.57197,527.0,0,0,8
אכסאל,71,478.0,35.33067,32.67354,15039.0,0,0,8
אל סייד,72,1359.0,34.91511,31.285120000000003,6059.0,0,0,5
אל-עזי,73,1339.0,34.79792,31.72167,160.0,0,0,1
אל-עריאן,74,1316.0,35.125809999999994,32.4982,189.0,6,1,1
אל-רום,75,4003.0,35.771640000000005,33.17906,453.0,0,0,5
אלומה,76,1145.0,34.74435,31.65195,944.0,0,0,5
אלומות,77,330.0,35.54615,32.70596,433.0,0,0,1
אלון הגליל,78,1182.0,35.21917,32.75747,1107.0,0,0,8
אלון מורה,79,3579.0,35.33494,32.23268,1912.0,0,0,3
אלון שבות,80,3604.0,35.125679999999996,31.65519,3111.0,0,0,3
אלוני אבא,81,429.0,35.17329,32.729420000000005,942.0,0,0,8
אלוני הבשן,82,4017.0,35.83874,33.042590000000004,408.0,7,1,1
אלונים,83,285.0,35.14802,32.71543,634.0,0,0,5
אלי-עד,84,4002.0,35.73379,32.80288,470.0,0,0,8
אליאב,85,1365.0,34.92841,31.5302,613.0,0,0,5
אליכין,86,41.0,34.92179,32.40827,3466.0,0,0,5
אליפלט,87,730.0,35.54869,32.94815,615.0,0,0,8
אליקים,88,682.0,35.06708,32.63187,825.0,0,0,0
אלישיב,89,204.0,34.90923,32.38191,669.0,0,0,5
אלישמע,90,841.0,34.928090000000005,32.15354,1117.0,0,0,5
אלמגור,91,1125.0,35.60263,32.91138,398.0,8,1,1
אלמוג,92,3556.0,35.46102,31.78997,273.0,0,0,5
אלעד,93,1309.0,34.95805,32.05187,49179.0,0,0,3
אלעזר,94,3618.0,35.14097,31.66152,2448.0,0,0,3
אלפי מנשה,95,3750.0,35.007670000000005,32.166579999999996,8011.0,0,0,3
אלקוש,96,603.0,35.32294,33.033229999999996,262.0,0,0,8
אלקנה,97,3560.0,35.03609,32.108270000000005,3959.0,0,0,3
אמונים,98,772.0,34.67646,31.74359,918.0,0,0,5
אמירים,99,1064.0,35.45166,32.937290000000004,832.0,0,0,1
אמנון,100,1253.0,35.572559999999996,32.90345,456.0,0,0,8
אמציה,101,23.0,34.91361,31.533590000000004,232.0,0,0,1
אניעם,102,4012.0,35.73942,32.95785,541.0,0,0,4
אסד (שבט),103,960.0,34.923,30.986,1137.0,0,0,5
אספר,104,3754.0,35.18759,31.5855,917.0,0,0,3
אעבלין,105,529.0,35.17945,32.829240000000006,13515.0,0,0,8
אעצם (שבט),106,963.0,34.923,30.986,10853.0,0,0,8
אפיקים,107,176.0,35.57697,32.6791,1152.0,0,0,8
אפרת,108,3650.0,35.17228,31.67172,11420.0,0,0,3
ארבל,109,701.0,35.48431,32.81279,672.0,0,0,8
ארגמן,110,3598.0,35.52199,32.172470000000004,162.0,9,1,1
ארז,111,714.0,34.567009999999996,31.559829999999998,530.0,0,0,1
אריאל,112,3570.0,35.15984,32.09657,20488.0,0,0,3
אשבול,113,71.0,34.66773,31.445220000000003,622.0,0,0,8
אשדוד,114,70.0,34.659620000000004,31.80845,226329.0,0,0,5
אשדות יעקב  (איחוד),115,199.0,35.58019,32.65772,937.0,0,0,4
אשדות יעקב  (מאוחד),116,188.0,35.58202,32.66366,656.0,0,0,1
אשחר,117,1188.0,35.30052,32.88538,924.0,0,0,5
אשכולות,118,3722.0,34.90501,31.391070000000003,549.0,0,0,1
אשלים,119,1152.0,34.70173,30.96365,628.0,0,0,5
אשקלון,120,7100.0,34.57094,31.664740000000002,146442.0,0,0,5
אשרת,121,1256.0,35.15417,32.9707,557.0,0,0,1
אשתאול,122,740.0,35.008179999999996,31.78087,1136.0,0,0,5
באקה אל-גרביה,123,6000.0,35.04136,32.41966,30448.0,0,0,5
באר אורה,124,21.0,34.9774,29.712120000000002,1065.0,0,0,5
באר גנים,125,1376.0,34.60583,31.698179999999997,1751.0,0,0,3
באר טוביה,126,155.0,34.720729999999996,31.73384,1207.0,0,0,8
באר יעקב,127,2530.0,34.84052,31.943740000000002,28818.0,0,0,3
באר מילכה,128,1278.0,34.40663,30.933120000000002,202.0,10,1,1
באר שבע,129,9000.0,34.78848,31.256990000000002,210624.0,0,0,3
בארות יצחק,130,450.0,34.90979,32.0423,457.0,0,0,3
בארותיים,131,697.0,34.983129999999996,32.31984,991.0,0,0,8
בארי,132,399.0,34.49137,31.42407,1079.0,0,0,7
בוסתן הגליל,133,559.0,35.08242,32.95172,1019.0,0,0,1
בועיינה-נוג'ידאת,134,482.0,35.36952,32.812,10011.0,0,0,0
בוקעאתא,135,4001.0,35.78105,33.20787,6677.0,0,0,5
בורגתה,136,698.0,34.9623,32.32485,1036.0,0,0,5
בחן,137,2043.0,35.01907,32.34957,981.0,0,0,8
בטחה,138,762.0,34.63221,31.334770000000002,825.0,0,0,8
ביצרון,139,234.0,34.72895,31.79745,1137.0,0,0,5
ביר אל-מכסור,140,998.0,35.22227,32.78587,9729.0,0,0,0
ביר הדאג',141,1348.0,34.70309,31.024620000000002,5995.0,0,0,8
ביריה,142,368.0,35.4997,32.978390000000005,872.0,0,0,8
בית אל,143,3574.0,35.226440000000004,31.9411,5926.0,0,0,3
בית אל ב,144,3714.0,,,,0,0,1
בית אלעזרי,145,562.0,34.80256,31.843790000000002,1469.0,0,0,5
בית אלפא,146,95.0,35.4322,32.517309999999995,1034.0,0,0,0
בית אריה,147,3652.0,35.050090000000004,32.03723,5342.0,0,0,3
בית ברל,148,1076.0,34.92572,32.201409999999996,35.0,11,1,1
בית ג'ן,149,480.0,35.37997,32.96563,12169.0,0,0,5
בית גוברין,150,619.0,34.89629,31.614079999999998,402.0,0,0,8
בית גמליאל,151,571.0,34.76149,31.859709999999996,1044.0,0,0,5
בית דגן,152,466.0,34.82982,31.99962,7298.0,0,0,3
בית הגדי,153,723.0,34.612809999999996,31.429740000000002,826.0,0,0,8
בית הלוי,154,373.0,34.9311,32.35346,718.0,0,0,8
בית הלל,155,322.0,35.60548,33.20856,725.0,0,0,1
בית העמק,156,572.0,35.14529,32.97115,595.0,0,0,1
בית הערבה,157,3645.0,35.4995,31.80648,384.0,0,0,4
בית השיטה,158,242.0,35.447109999999995,32.55976,1298.0,0,0,8
בית זיד,159,353.0,35.11827,32.70045,128.0,12,1,1
בית זית,160,710.0,35.16211,31.78228,1432.0,0,0,8
בית זרע,161,143.0,35.5736,32.68902,633.0,0,0,8
בית חורון,162,3575.0,35.12655,31.878220000000002,1424.0,0,0,8
בית חירות,163,877.0,34.86907,32.37928,770.0,0,0,5
בית חלקיה,164,2033.0,34.812290000000004,31.79133,975.0,13,1,1
בית חנן,165,159.0,34.77256,31.93351,612.0,0,0,0
בית חנניה,166,800.0,34.92588,32.52884,791.0,0,0,5
בית חשמונאי,167,1050.0,34.9199,31.888659999999998,2189.0,0,0,3
בית יהושע,168,288.0,34.865790000000004,32.26024,977.0,0,0,5
בית יוסף,169,265.0,35.55039,32.55996,465.0,0,0,7
בית ינאי,170,200.0,34.86353,32.38134,321.0,0,0,4
בית יצחק-שער חפר,171,326.0,34.89143,32.334340000000005,2144.0,0,0,5
בית לחם הגלילית,172,430.0,35.192170000000004,32.73357,788.0,0,0,5
בית מאיר,173,751.0,35.03676,31.794079999999997,495.0,0,0,7
בית נחמיה,174,784.0,34.9555,31.97585,823.0,0,0,5
בית ניר,175,16.0,34.874359999999996,31.647579999999998,618.0,0,0,8
בית נקופה,176,672.0,35.126090000000005,31.80436,664.0,0,0,3
בית עובד,177,202.0,34.773990000000005,31.92197,302.0,0,0,8
בית עוזיאל,178,301.0,34.90453,31.87149,628.0,0,0,8
בית עזרא,179,756.0,34.6574,31.73674,1049.0,0,0,2
בית עריף,180,604.0,34.9346,31.99673,996.0,0,0,3
בית צבי,181,212.0,34.969770000000004,32.71937,97.0,0,0,0
בית קמה,182,598.0,34.76197,31.446659999999998,1037.0,0,0,8
בית קשת,183,365.0,35.39431,32.719359999999995,657.0,0,0,2
בית רבן,184,848.0,34.728429999999996,31.81738,476.0,0,0,5
בית רימון,185,1162.0,35.32976,32.78256,899.0,0,0,5
בית שאן,186,9200.0,35.50057,32.49904,18980.0,0,0,3
בית שמש,187,2610.0,34.98234,31.72474,132210.0,0,0,5
בית שערים,188,248.0,35.17565,32.69552,694.0,0,0,8
בית שקמה,189,747.0,34.60737,31.63921,818.0,0,0,5
ביתן אהרן,190,252.0,34.87061,32.36459,243.0,0,0,1
ביתר עילית,191,3780.0,35.11415,31.701,61297.0,0,0,5
בלפוריה,192,94.0,35.29598,32.62921,586.0,0,0,8
בן זכאי,193,760.0,34.72749,31.854709999999997,898.0,0,0,8
בן עמי,194,712.0,35.12408,33.00468,755.0,0,0,1
בן שמן (כפר נוער),195,1084.0,34.92719,31.95983,217.0,0,0,5
בן שמן (מושב),196,2013.0,34.92288,31.95188,794.0,0,0,8
בני ברק,197,6100.0,34.83591,32.09018,208031.0,0,0,5
בני דקלים,198,1368.0,34.917559999999995,31.517090000000003,1500.0,0,0,3
בני דרום,199,592.0,34.69187,31.81895,883.0,0,0,5
בני דרור,200,386.0,34.89847,32.26186,1186.0,0,0,5
בני יהודה,201,4015.0,35.68914,32.79882,1199.0,0,0,8
בני נצרים,202,1363.0,34.3139,31.13887,808.0,0,0,1
בני עטרות,203,448.0,34.91366,32.02364,836.0,0,0,5
"בני עי""ש",204,1066.0,34.76119,31.79135,6902.0,0,0,3
בני ציון,205,418.0,34.87061,32.220040000000004,1086.0,0,0,5
בני ראם,206,588.0,34.78989,31.77133,1335.0,0,0,8
בניה,207,685.0,34.74995,31.84415,852.0,0,0,5
בנימינה-גבעת עדה,208,9800.0,34.96732,32.51838,15971.0,0,0,3
"בסמ""ה",209,1326.0,35.1096,32.52848,10252.0,0,0,2
בסמת טבעון,210,944.0,35.13712,32.734359999999995,8001.0,0,0,5
בענה,211,483.0,35.28132,32.9293,8421.0,0,0,5
בצרה,212,389.0,34.87795,32.21402,1024.0,0,0,5
בצת,213,589.0,35.134409999999995,33.07096,395.0,0,0,1
בקוע,214,864.0,34.92579,31.82825,749.0,0,0,3
בר גיורא,215,823.0,35.07223,31.72982,612.0,0,0,0
בר יוחאי,216,1191.0,35.448409999999996,32.99771,1169.0,0,0,1
ברוכין,217,3744.0,35.0927,32.08101,1410.0,0,0,5
ברור חיל,218,428.0,34.64549,31.55759,887.0,0,0,5
ברוש,219,2060.0,34.63243,31.367409999999996,544.0,0,0,5
ברטעה,220,3098.0,35.20427,31.89804,1.0,0,0,1
ברכה,221,3710.0,35.26553,32.19251,2888.0,0,0,2
ברכיה,222,746.0,34.62489,31.67059,1203.0,0,0,5
ברקאי,223,617.0,35.0286,32.474920000000004,578.0,0,0,5
ברקן,224,3654.0,35.108979999999995,32.10583,1893.0,0,0,5
ברקת,225,2038.0,34.94481,32.01533,2105.0,0,0,8
בת הדר,226,1323.0,34.59667,31.647370000000002,679.0,0,0,8
בת חן,227,1361.0,34.8719,32.36027,498.0,0,0,5
בת חפר,228,1319.0,35.01368,32.333690000000004,5278.0,0,0,3
בת ים,229,6200.0,34.74922,32.01396,127772.0,0,0,5
בת עין,230,3794.0,35.10048,31.658509999999996,1649.0,0,0,3
בת שלמה,231,33.0,35.00353,32.60032,637.0,0,0,1
ג'דיידה-מכר,232,1292.0,35.14243,32.93274,21331.0,0,0,3
ג'ולס,233,485.0,35.18081,32.94042,6545.0,0,0,1
ג'לג'וליה,234,627.0,34.95726,32.147459999999995,10295.0,0,0,8
ג'נאביב (שבט),235,976.0,34.923,30.986,1363.0,14,1,1
ג'סר א-זרקא,236,541.0,34.90978,32.53692,15113.0,0,0,3
ג'ש (גוש חלב),237,487.0,35.4351,33.02262,3120.0,0,0,8
ג'ת,238,628.0,35.0281,32.40278,12252.0,0,0,8
גאולי תימן,239,872.0,34.90175,32.39235,363.0,0,0,1
גאולים,240,379.0,34.93752,32.30036,924.0,0,0,0
גאליה,241,853.0,34.76464,31.88578,1029.0,0,0,5
גבולות,242,352.0,34.46569,31.210720000000002,353.0,0,0,1
גבים,243,424.0,34.59632,31.507579999999997,581.0,0,0,8
גבע,244,86.0,35.37322,32.56655,610.0,0,0,8
גבע בנימין,245,3763.0,35.27344,31.849459999999997,5757.0,0,0,3
גבע כרמל,246,683.0,34.95479,32.66245,1021.0,0,0,5
גבעולים,247,2014.0,34.5903,31.39698,461.0,0,0,0
גבעון החדשה,248,3644.0,35.15838,31.84811,1141.0,0,0,3
גבעות בר,249,1344.0,34.75535,31.35753,1171.0,0,0,5
גבעת אבני,250,1293.0,35.4383,32.77564,2080.0,0,0,3
גבעת אלה,251,1288.0,35.24402,32.72193,1976.0,0,0,8
גבעת ברנר,252,147.0,34.80236,31.86471,2665.0,0,0,5
גבעת השלושה,253,870.0,34.92116,32.09779,651.0,0,0,3
גבעת זאב,254,3730.0,35.16408,31.86083,19205.0,0,0,3
"גבעת ח""ן",255,207.0,34.87599,32.16856,384.0,0,0,8
גבעת חיים (איחוד),256,2018.0,34.93298,32.399370000000005,1242.0,0,0,5
גבעת חיים (מאוחד),257,173.0,34.93045,32.39206,1046.0,0,0,5
גבעת יואב,258,4021.0,35.681459999999994,32.798759999999994,699.0,0,0,8
גבעת יערים,259,787.0,35.09263,31.786659999999998,1220.0,0,0,5
גבעת ישעיהו,260,919.0,34.94704,31.670740000000002,701.0,0,0,8
"גבעת כ""ח",261,802.0,34.93524,32.02982,885.0,0,0,1
"גבעת ניל""י",262,360.0,35.041129999999995,32.547709999999995,598.0,0,0,8
גבעת עוז,263,703.0,35.19859,32.555479999999996,402.0,0,0,1
גבעת שמואל,264,681.0,34.85175,32.07705,27236.0,0,0,3
גבעת שפירא,265,1077.0,34.87573,32.3573,279.0,0,0,5
גבעתי,266,793.0,34.68012,31.73152,951.0,0,0,5
גבעתיים,267,6300.0,34.810359999999996,32.07035,60872.0,0,0,3
גברעם,268,342.0,34.61273,31.59207,605.0,0,0,5
גבת,269,133.0,35.21297,32.67216,922.0,0,0,3
גדות,270,35.0,35.619279999999996,33.0189,416.0,15,1,1
גדיש,271,145.0,35.24501,32.55899,359.0,0,0,5
גדעונה,272,442.0,35.35882,32.54907,462.0,0,0,5
גדרה,273,2550.0,34.77734,31.814940000000004,28805.0,0,0,3
גונן,274,852.0,35.646029999999996,33.12457,417.0,0,0,0
גורנות הגליל,275,1219.0,35.249629999999996,33.0597,218.0,0,0,1
גזית,276,457.0,35.44721,32.63766,764.0,0,0,8
גזר,277,370.0,34.92057,31.876209999999997,316.0,16,1,1
גיאה,278,706.0,34.60407,31.627470000000002,776.0,0,0,5
גיזו,279,1043.0,34.93853,31.80483,199.0,0,0,1
גילון,280,1204.0,35.23662,32.90363,1171.0,0,0,5
גילת,281,736.0,34.651790000000005,31.32746,1467.0,0,0,3
גינוסר,282,262.0,35.52406,32.84975,626.0,0,0,8
גיניגר,283,92.0,35.259240000000005,32.66368,671.0,0,0,5
גינתון,284,863.0,34.91407,31.962770000000003,902.0,0,0,8
גלאון,285,393.0,34.848259999999996,31.63407,609.0,0,0,5
גלגל,286,3606.0,35.448479999999996,31.99948,179.0,0,0,8
גליל ים,287,346.0,34.8314,32.157340000000005,481.0,0,0,8
גלעד (אבן יצחק),288,369.0,35.07646,32.55677,499.0,0,0,8
גמזו,289,745.0,34.93987,31.92775,1098.0,0,0,5
גן הדרום,290,1072.0,34.69998,31.80483,515.0,0,0,7
גן השומרון,291,225.0,34.99852,32.46198,798.0,0,0,5
גן חיים,292,239.0,34.90527,32.19497,657.0,0,0,5
גן יאשיה,293,734.0,34.993359999999996,32.3498,859.0,0,0,0
גן יבנה,294,166.0,34.702709999999996,31.78752,23887.0,0,0,3
גן נר,295,1274.0,35.337709999999994,32.53079,2700.0,0,0,3
גן שורק,296,311.0,34.76034,31.9451,353.0,0,0,8
גן שלמה,297,144.0,34.798390000000005,31.8785,570.0,0,0,5
גן שמואל,298,72.0,34.95047,32.453959999999995,1033.0,0,0,8
גנות,299,836.0,34.829209999999996,32.018190000000004,433.0,0,0,5
גנות הדר,300,549.0,34.90061,32.32075,909.0,0,0,8
גני הדר,301,1103.0,34.8543,31.878659999999996,359.0,0,0,5
גני טל,302,1371.0,34.79002,31.7891,913.0,0,0,4
גני יוחנן,303,862.0,34.83294,31.855790000000002,658.0,0,0,8
גני מודיעין,304,3823.0,,,2705.0,0,0,3
גני עם,305,218.0,34.90139,32.15149,242.0,17,1,1
גני תקווה,306,229.0,34.87404,32.06223,21508.0,0,0,3
געש,307,842.0,34.82665,32.22875,848.0,0,0,8
געתון,308,463.0,35.21397,33.00633,681.0,0,0,3
גפן,309,39.0,34.87814,31.74264,371.0,0,0,5
גרופית,310,1129.0,35.06617,29.939490000000003,305.0,0,0,1
גשור,311,4022.0,35.71904,32.8179,301.0,0,0,5
גשר,312,305.0,35.55083,32.61939,407.0,0,0,2
גשר הזיו,313,574.0,35.11205,33.042,1548.0,0,0,3
גת (קיבוץ),314,340.0,34.792429999999996,31.62678,804.0,0,0,5
גת רימון,315,128.0,34.88037,32.06847,255.0,0,0,8
דאלית אל-כרמל,316,494.0,35.05024,32.694340000000004,17862.0,0,0,5
דבורה,317,146.0,35.26343,32.5533,269.0,0,0,5
דבוריה,318,489.0,35.36802,32.69,10682.0,0,0,0
דבירה,319,849.0,34.82587,31.411690000000004,1019.0,0,0,8
דברת,320,407.0,35.34993,32.647009999999995,505.0,0,0,1
דגניה א',321,62.0,35.573570000000004,32.70706,559.0,0,0,5
דגניה ב',322,79.0,35.57695,32.699290000000005,683.0,0,0,5
"דוב""ב",323,1067.0,35.406909999999996,33.051790000000004,469.0,0,0,1
דולב,324,3747.0,35.13296,31.92665,1496.0,0,0,8
דור,325,738.0,34.92138,32.60764,386.0,0,0,5
דורות,326,336.0,34.64569,31.50627,722.0,0,0,5
דחי,327,475.0,35.34466,32.621320000000004,740.0,0,0,5
דייר אל-אסד,328,490.0,35.26753,32.94085,12710.0,0,0,5
דייר חנא,329,492.0,35.36823,32.86475,10459.0,0,0,5
דייר ראפאת,330,493.0,34.947590000000005,31.77608,99.0,0,0,1
דימונה,331,2200.0,35.093959999999996,31.01545,34954.0,0,0,3
דישון,332,2063.0,35.52629,33.08184,352.0,0,0,1
דליה,333,300.0,35.07535,32.58977,829.0,0,0,5
דלתון,334,431.0,35.48859,33.0171,853.0,0,0,1
דמיידה,335,1317.0,35.22793,32.81445,536.0,0,0,2
דן,336,303.0,35.65487,33.239940000000004,693.0,0,0,5
דפנה,337,302.0,35.6384,33.22991,774.0,0,0,5
דקל,338,1241.0,34.34505,31.19518,350.0,18,1,1
דריג'את,339,1349.0,35.07714,31.299090000000003,1035.0,0,0,0
האון,340,702.0,35.6259,32.7233,140.0,0,0,1
הבונים,341,675.0,34.93322,32.638690000000004,361.0,19,1,1
הגושרים,342,356.0,35.62462,33.21931,875.0,0,0,8
הדר עם,343,191.0,34.90169,32.348440000000004,742.0,0,0,5
הוד השרון,344,9700.0,34.88868,32.1474,64755.0,0,0,3
הודייה,345,726.0,34.64311,31.67346,694.0,0,0,8
הוואשלה (שבט),346,1169.0,34.923,30.986,2350.0,0,0,7
הוזייל (שבט),347,956.0,34.923,30.986,1819.0,0,0,7
הושעיה,348,1186.0,35.29291,32.757979999999996,2089.0,0,0,3
הזורע,349,250.0,35.12035,32.64391,956.0,0,0,5
הזורעים,350,307.0,35.50074,32.74485,998.0,0,0,5
החותרים,351,434.0,34.95688,32.75163,799.0,20,1,1
היוגב,352,684.0,35.20476,32.61148,802.0,0,0,1
הילה,353,1208.0,35.24394,33.035990000000005,616.0,0,0,8
המעפיל,354,377.0,34.98341,32.37773,867.0,0,0,1
הסוללים,355,677.0,35.23592,32.75196,921.0,0,0,8
העוגן,356,423.0,34.923629999999996,32.362190000000005,762.0,0,0,5
הר אדר,357,3769.0,35.12924,31.82682,4097.0,0,0,3
הר גילה,358,3603.0,35.172259999999994,31.721590000000003,1563.0,0,0,3
הר עמשא,359,1261.0,35.10188,31.344209999999997,215.0,0,0,2
הרדוף,360,1249.0,35.171040000000005,32.76413,552.0,0,0,8
הרצליה,361,6400.0,34.8268,32.16833,99208.0,0,0,3
הררית,362,1203.0,35.365840000000006,32.845009999999995,599.0,0,0,1
ורד יריחו,363,3639.0,35.43345,31.8269,392.0,0,0,5
ורדון,364,1133.0,34.78119,31.66426,276.0,0,0,1
זבדיאל,365,815.0,34.76181,31.66058,636.0,0,0,8
זבידאת,366,999.0,35.13968,32.73577,,0,0,1
זוהר,367,44.0,34.692679999999996,31.595029999999998,371.0,0,0,5
זיקים,368,584.0,34.522,31.608659999999997,891.0,0,0,5
זיתן,369,788.0,34.89043,31.976059999999997,1081.0,0,0,5
זכרון יעקב,370,9300.0,34.969640000000005,32.56671,23503.0,0,0,3
זכריה,371,799.0,34.9445,31.70988,1004.0,0,0,5
זלפה,372,640.0,34.763459999999995,31.26983,,0,0,4
זמר,373,1290.0,35.03328,32.36392,7223.0,0,0,0
זמרת,374,1065.0,34.55189,31.44802,674.0,0,0,8
זרועה,375,2064.0,34.62271,31.460440000000002,478.0,0,0,5
זרזיר,376,975.0,35.22311,32.725809999999996,8279.0,0,0,5
זרחיה,377,818.0,34.743359999999996,31.68099,751.0,0,0,3
ח'ואלד,378,1321.0,35.13859,32.77025,514.0,0,0,5
חבצלת השרון,379,235.0,34.86266,32.359609999999996,364.0,0,0,8
חבר,380,1110.0,35.26502,32.5478,613.0,0,0,8
חברון               ,381,3400.0,35.09983,31.53257,537.0,0,0,0
חגור,382,717.0,34.945840000000004,32.13734,967.0,0,0,5
חגי,383,3764.0,35.07983,31.49345,718.0,0,0,8
חגלה,384,205.0,34.92654,32.38583,734.0,0,0,5
חד-נס,385,4026.0,35.64248,32.92757,829.0,0,0,5
חדיד,386,618.0,34.93394,31.9676,901.0,0,0,8
חדרה,387,6500.0,34.91724,32.43531,98928.0,0,0,3
חולדה,388,160.0,34.882690000000004,31.8304,1069.0,0,0,3
חולון,389,6600.0,34.78352,32.01065,196510.0,0,0,5
חולית,390,1239.0,34.326370000000004,31.22995,176.0,21,1,1
חולתה,391,253.0,35.610440000000004,33.051109999999994,635.0,0,0,1
חוסן,392,662.0,35.297959999999996,32.99836,1131.0,0,0,8
חוסנייה,393,1332.0,35.32159,32.899879999999996,883.0,0,0,7
חופית,394,115.0,34.87383,32.38516,858.0,0,0,1
חוקוק,395,374.0,35.49563,32.879490000000004,611.0,0,0,5
חורה,396,1303.0,34.93745,31.297520000000002,23062.0,0,0,5
חורפיש,397,496.0,35.34594,33.02284,6490.0,0,0,3
חורשים,398,355.0,34.97085,32.1382,309.0,0,0,8
חיבת ציון,399,219.0,34.91279,32.39797,732.0,0,0,8
חיננית,400,3643.0,35.168479999999995,32.48117,1546.0,0,0,3
חיפה,401,4000.0,35.01077,32.80015,284981.0,0,0,3
חירות,402,162.0,34.9151,32.24017,1258.0,0,0,5
חלמיש,403,3573.0,35.1257,32.00574,1195.0,0,0,5
חלץ,404,820.0,34.65896,31.57739,486.0,0,0,5
חמאם,405,993.0,35.48949,32.83027,1687.0,0,0,1
חמד,406,801.0,34.83863,32.01957,1001.0,0,0,5
חמדיה,407,343.0,35.5198,32.52037,368.0,22,1,1
חניאל,408,807.0,34.94932,32.3333,763.0,0,0,5
חניתה,409,280.0,35.17434,33.0882,792.0,0,0,1
חנתון,410,1257.0,35.24255,32.783159999999995,868.0,0,0,1
חספין,411,4005.0,35.79258,32.844809999999995,2051.0,0,0,8
חפץ חיים,412,363.0,34.80121,31.788590000000003,616.0,0,0,3
חפצי-בה,413,90.0,35.42582,32.51895,732.0,0,0,5
חצב,414,700.0,34.76979,31.78101,1267.0,0,0,5
חצבה,415,13.0,35.28393,30.76779,696.0,0,0,5
חצור הגלילית,416,2034.0,35.54081,32.98469,9538.0,0,0,3
חצור-אשדוד,417,406.0,34.72053,31.77226,785.0,0,0,0
חצרים,418,397.0,34.71434,31.239959999999996,973.0,0,0,1
חרב לאת,419,422.0,34.91639,32.40177,750.0,0,0,5
חרוצים,420,1024.0,34.86485,32.227509999999995,736.0,0,0,5
חריש,421,1247.0,35.0414,32.459070000000004,19608.0,0,0,3
חרמש,422,3717.0,35.11907,32.42344,256.0,23,1,1
חשמונאים,423,3770.0,35.023720000000004,31.931409999999996,2673.0,0,0,3
טבריה,424,6700.0,35.526270000000004,32.78275,45686.0,0,0,3
טובא-זנגריה,425,962.0,35.59089,32.964890000000004,6887.0,0,0,3
טורעאן,426,498.0,35.38098,32.77628,14420.0,0,0,5
טייבה,427,2730.0,34.99972,32.26252,44582.0,0,0,5
טייבה (בעמק),428,497.0,35.44488,32.60394,1935.0,0,0,5
טירה,429,2720.0,34.96138,32.2335,26972.0,0,0,5
טירת יהודה,430,663.0,34.932320000000004,32.01359,1226.0,0,0,5
טירת כרמל,431,2100.0,34.96795,32.76364,24285.0,0,0,3
טירת צבי,432,268.0,35.52796,32.42098,872.0,0,0,3
טל שחר,433,462.0,34.90178,31.805559999999996,1147.0,0,0,5
טל-אל,434,1181.0,35.17729,32.925990000000006,1238.0,0,0,8
טללים,435,1177.0,34.77005,30.99258,534.0,0,0,8
טלמון,436,3788.0,35.13845,31.9373,4816.0,0,0,3
טמרה,437,8900.0,35.18158,32.85151,34859.0,0,0,3
טמרה (יזרעאל),438,547.0,35.40372,32.63458,1641.0,0,0,5
טנא,439,3743.0,34.95636,31.374309999999998,1001.0,0,0,0
טפחות,440,1214.0,35.422940000000004,32.86764,414.0,0,0,0
יאנוח-ג'ת,441,1295.0,35.24338,32.97937,6785.0,0,0,5
יבול,442,1232.0,34.31562,31.18993,364.0,0,0,1
יבנאל,443,46.0,35.51258,32.71092,4353.0,0,0,5
יבנה,444,2660.0,34.73278,31.874209999999998,49759.0,0,0,3
יגור,445,96.0,35.07545,32.74414,1543.0,0,0,5
יגל,446,798.0,34.878859999999996,31.988570000000003,867.0,0,0,5
יד בנימין,447,577.0,34.82367,31.796509999999998,4249.0,0,0,5
יד השמונה,448,1134.0,35.08975,31.809559999999998,257.0,0,0,8
יד חנה,449,758.0,35.00669,32.32502,924.0,0,0,5
יד מרדכי,450,358.0,34.55839,31.588379999999997,730.0,0,0,1
יד נתן,451,775.0,34.7048,31.65343,552.0,0,0,5
"יד רמב""ם",452,64.0,34.900940000000006,31.90007,1140.0,0,0,8
יהוד,453,9400.0,34.8877,32.03062,30003.0,0,0,3
יובל,454,2009.0,35.59547,33.24862,594.0,0,0,8
יובלים,455,1226.0,35.270270000000004,32.8836,1305.0,0,0,5
יודפת,456,1112.0,35.27216,32.837070000000004,958.0,0,0,0
יונתן,457,4007.0,35.79265,32.936690000000006,718.0,0,0,7
יושיביה,458,803.0,34.60882,31.44397,657.0,0,0,0
יזרעאל,459,452.0,35.32136,32.56192,579.0,24,1,1
יחיעם,460,409.0,35.21974,32.996320000000004,771.0,25,1,1
יטבתה,461,866.0,35.06313,29.8923,763.0,0,0,5
"ייט""ב",462,3607.0,35.422109999999996,31.94867,397.0,0,0,7
יכיני,463,811.0,34.59921,31.48315,680.0,0,0,8
ינוב,464,753.0,34.95024,32.30652,789.0,0,0,8
ינון,465,2011.0,34.781890000000004,31.74227,1151.0,0,0,5
יסוד המעלה,466,29.0,35.59752,33.05963,1632.0,0,0,5
יסודות,467,440.0,34.86404,31.81583,758.0,26,1,1
יסעור,468,575.0,35.16661,32.90074,774.0,0,0,0
יעד,469,1138.0,35.24398,32.87802,703.0,0,0,5
יערה,470,795.0,35.1857,33.06728,776.0,0,0,8
יפיע,471,499.0,35.27215,32.683240000000005,19298.0,0,0,5
יפעת,472,134.0,35.22395,32.677929999999996,1088.0,0,0,1
יפתח,473,453.0,35.54938,33.12577,661.0,0,0,5
יצהר,474,3749.0,35.236779999999996,32.16871,1849.0,0,0,5
יציץ,475,759.0,34.86133,31.863259999999997,777.0,0,0,5
יקום,476,417.0,34.84228,32.24791,699.0,0,0,8
יקיר,477,3647.0,35.11466,32.14975,2385.0,0,0,8
יקנעם (מושבה),478,241.0,35.11522,32.656890000000004,1282.0,0,0,5
יקנעם עילית,479,240.0,35.09445,32.65002,24061.0,0,0,3
יראון,480,623.0,35.45398,33.07713,378.0,0,0,5
ירדנה,481,2026.0,35.56447,32.56516,391.0,0,0,7
ירוחם,482,831.0,34.92303,30.98615,10680.0,0,0,5
ירושלים,483,3000.0,35.205290000000005,31.77877,952916.0,0,0,6
ירחיב,484,718.0,34.96869,32.1538,1065.0,0,0,0
ירכא,485,502.0,35.21065,32.956920000000004,17360.0,0,0,8
ירקונה,486,183.0,34.8977,32.144090000000006,347.0,0,0,1
ישע,487,916.0,34.401579999999996,31.24731,378.0,0,0,8
ישעי,488,805.0,34.96518,31.751309999999997,815.0,0,0,5
ישרש,489,828.0,34.846759999999996,31.91517,962.0,0,0,5
יתד,490,1227.0,34.327,31.20723,544.0,0,0,5
כאבול,491,504.0,35.20562,32.872609999999995,14234.0,0,0,5
כאוכב אבו אל-היג'א,492,505.0,35.25015,32.830040000000004,3657.0,0,0,8
כברי,493,576.0,35.14911,33.02129,1050.0,0,0,8
כובר,494,3471.0,35.20427,31.89804,,0,0,1
כוכב השחר,495,3564.0,35.34852,31.95915,2336.0,0,0,5
כוכב יאיר,496,1224.0,34.994820000000004,32.2213,8738.0,0,0,3
כוכב יעקב,497,3779.0,35.24207,31.8804,8912.0,0,0,3
כוכב מיכאל,498,824.0,34.6691,31.627940000000002,1019.0,0,0,8
כורזים,499,1252.0,35.552609999999994,32.91108,365.0,0,0,8
כחל,500,1210.0,35.50967,32.89127,488.0,0,0,5
כחלה,501,1367.0,35.05247,31.28923,436.0,0,0,5
כיסופים,502,840.0,34.3984,31.374909999999996,270.0,27,1,1
כליל,503,1183.0,35.19663,32.980990000000006,776.0,28,1,1
כלנית,504,1229.0,35.4579,32.87461,289.0,0,0,8
כמאנה,505,1331.0,35.350570000000005,32.91301,1566.0,0,0,8
כמון,506,1201.0,35.35901,32.91021,746.0,0,0,5
כנף,507,4028.0,35.70214,32.87063,459.0,0,0,8
כנרת (מושבה) ,508,63.0,35.55898,32.740190000000005,625.0,0,0,8
כנרת (קבוצה),509,57.0,35.56282,32.71286,714.0,0,0,5
כסיפה,510,1059.0,35.0852,31.24192,22418.0,0,0,5
כסלון,511,859.0,35.04947,31.77399,400.0,0,0,2
כסרא-סמיע,512,1296.0,35.29611,32.96969,8978.0,0,0,5
כעביה-טבאש-חג'אג'רה,513,978.0,35.18331,32.75052,5609.0,0,0,8
כפר אביב,514,857.0,34.72298,31.82927,752.0,0,0,5
כפר אדומים,515,3638.0,35.34449,31.818379999999998,4729.0,0,0,3
כפר אוריה,516,364.0,34.94659,31.7933,838.0,0,0,5
כפר אחים,517,690.0,34.75561,31.74425,764.0,0,0,5
כפר ביאליק,518,220.0,35.08655,32.8208,599.0,0,0,3
"כפר ביל""ו",519,177.0,34.824940000000005,31.872629999999997,1090.0,0,0,5
כפר בלום,520,357.0,35.60906,33.17248,884.0,0,0,0
כפר בן נון,521,2010.0,34.94682,31.86184,738.0,0,0,5
כפר ברא,522,633.0,34.976279999999996,32.13027,3764.0,0,0,8
כפר ברוך,523,132.0,35.19112,32.646190000000004,605.0,0,0,8
כפר גדעון,524,106.0,35.29237,32.643640000000005,307.0,0,0,8
כפר גלים,525,427.0,34.95855,32.766690000000004,133.0,29,1,1
כפר גליקסון,526,310.0,35.00502,32.50546,353.0,0,0,1
כפר גלעדי,527,76.0,35.57634,33.2421,603.0,0,0,0
כפר האורנים,528,3796.0,35.0377,31.91944,2633.0,0,0,3
כפר החורש,529,192.0,35.27163,32.702529999999996,657.0,0,0,5
כפר המכבי,530,254.0,35.116479999999996,32.78927,375.0,30,1,1
כפר הנגיד,531,582.0,34.74899,31.887890000000002,961.0,0,0,5
כפר הנוער הדתי,532,890.0,35.09913,32.74263,49.0,31,1,1
כפר הנשיא,533,443.0,35.603559999999995,32.97459,691.0,0,0,0
כפר הס,534,187.0,34.93778,32.24779,1344.0,0,0,5
"כפר הרא""ה",535,217.0,34.912279999999996,32.39048,1160.0,0,0,8
"כפר הרי""ף",536,888.0,34.79307,31.74483,790.0,0,0,1
כפר ויתקין,537,190.0,34.88192,32.38139,1748.0,0,0,5
כפר ורבורג,538,320.0,34.72503,31.71763,1138.0,0,0,5
כפר ורדים,539,1263.0,35.26019,32.99856,5495.0,0,0,3
כפר זוהרים,540,1325.0,34.92504,31.62136,30.0,0,0,1
כפר זיתים,541,786.0,35.46444,32.81103,679.0,0,0,5
"כפר חב""ד",542,696.0,34.85113,31.98895,6735.0,0,0,3
כפר חושן,543,609.0,35.43999,33.01116,860.0,0,0,0
כפר חיטים,544,255.0,35.50349,32.80075,644.0,0,0,5
כפר חיים,545,193.0,34.89686,32.36087,547.0,32,1,1
כפר חנניה,546,1297.0,35.42091,32.91336,744.0,0,0,0
כפר חסידים א',547,112.0,35.08611,32.75074,731.0,0,0,3
כפר חסידים ב',548,889.0,35.08749,32.752720000000004,257.0,0,0,2
כפר חרוב,549,4004.0,35.66568,32.76194,476.0,0,0,1
כפר טרומן,550,673.0,34.924170000000004,31.98002,733.0,0,0,8
כפר יאסיף,551,507.0,35.1607,32.951229999999995,10249.0,0,0,3
כפר ידידיה,552,233.0,34.89809,32.34509,663.0,0,0,1
כפר יהושע,553,140.0,35.15145,32.68081,1148.0,0,0,7
כפר יונה,554,168.0,34.92726,32.322070000000004,26140.0,0,0,3
כפר יחזקאל,555,85.0,35.358740000000004,32.56648,1071.0,0,0,5
כפר יעבץ,556,170.0,34.965090000000004,32.275529999999996,707.0,0,0,8
כפר כמא,557,508.0,35.43272,32.72074,3396.0,0,0,1
כפר כנא,558,509.0,35.344229999999996,32.7545,23251.0,0,0,3
כפר מונש,559,387.0,34.91677,32.34748,830.0,0,0,8
כפר מימון,560,1095.0,34.535059999999994,31.432509999999997,710.0,0,0,8
"כפר מל""ל",561,98.0,34.89423,32.1677,342.0,0,0,5
כפר מנדא,562,510.0,35.26082,32.80615,20610.0,0,0,5
כפר מנחם,563,274.0,34.83343,31.73242,1270.0,0,0,5
כפר מסריק,564,297.0,35.1011,32.88835,677.0,0,0,3
כפר מצר,565,512.0,35.422509999999996,32.64555,2778.0,0,0,8
כפר מרדכי,566,764.0,34.7573,31.83101,637.0,0,0,8
כפר נטר,567,316.0,34.871140000000004,32.27622,1000.0,0,0,8
כפר סאלד,568,345.0,35.65753,33.195029999999996,640.0,0,0,8
כפר סבא,569,6900.0,34.91783,32.18237,101664.0,0,0,3
כפר סילבר,570,107.0,34.61264,31.67333,90.0,0,0,0
כפר סירקין,571,249.0,34.92409,32.07714,1371.0,0,0,3
כפר עזה,572,845.0,34.53291,31.483,866.0,0,0,8
כפר עציון,573,3488.0,35.11525,31.64987,835.0,0,0,2
כפר פינס,574,189.0,35.001670000000004,32.48363,637.0,0,0,8
כפר קאסם,575,634.0,34.965709999999994,32.1179,24236.0,0,0,5
כפר קיש,576,388.0,35.449529999999996,32.66769,656.0,0,0,1
כפר קרע,577,654.0,35.0478,32.50525,19330.0,0,0,5
כפר ראעי,578,3494.0,35.20427,31.89804,,0,0,1
כפר ראש הנקרה,579,579.0,35.11201,33.08555,1303.0,0,0,8
כפר רופין,580,295.0,35.55669,32.453720000000004,493.0,0,0,1
כפר רות,581,1166.0,35.02905,31.908690000000004,272.0,33,1,1
כפר שמאי,582,605.0,35.45706,32.95648,588.0,0,0,8
כפר שמואל,583,743.0,34.93163,31.8904,864.0,0,0,3
כפר שמריהו,584,267.0,34.82503,32.18591,1993.0,0,0,5
כפר תבור,585,47.0,35.424620000000004,32.681709999999995,4401.0,0,0,5
כפר תפוח,586,3572.0,35.25096,32.118390000000005,1372.0,0,0,5
כרכום,587,1285.0,35.60699,32.92922,514.0,0,0,5
כרם בן זמרה,588,664.0,35.46875,33.03725,586.0,0,0,8
כרם יבנה (ישיבה),589,1094.0,34.72271,31.81925,306.0,0,0,7
"כרם מהר""ל",590,580.0,34.99054,32.6461,918.0,0,0,5
כרם שלום,591,1085.0,34.28452,31.227859999999996,178.0,34,1,1
כרמי יוסף,592,1264.0,34.91982,31.84726,1706.0,0,0,5
כרמי צור,593,3766.0,35.100429999999996,31.608729999999998,1111.0,0,0,0
כרמי קטיף           ,594,1374.0,,,654.0,0,0,5
כרמיאל,595,1139.0,35.30546,32.91333,46190.0,0,0,3
כרמיה,596,768.0,34.54258,31.604259999999996,639.0,0,0,8
כרמים,597,1198.0,34.9177,31.33193,398.0,0,0,5
כרמל,598,3656.0,35.18456,31.432270000000003,509.0,0,0,2
לבון,599,1207.0,35.28315,32.94238,678.0,0,0,5
לביא,600,585.0,35.44207,32.78799,638.0,0,0,2
לבנים,601,1230.0,35.49302,32.863890000000005,442.0,0,0,5
להב,602,2023.0,34.86983,31.37899,650.0,0,0,5
להבות הבשן,603,380.0,35.64622,33.1417,871.0,0,0,1
להבות חביבה,604,715.0,35.0093,32.39509,897.0,0,0,5
להבים,605,1271.0,34.81261,31.36331,6641.0,0,0,3
לוד,606,7000.0,34.89199,31.95406,80786.0,0,0,3
לוזית,607,52.0,34.88498,31.685840000000002,777.0,0,0,3
לוחמי הגיטאות,608,595.0,35.09791,32.96264,789.0,0,0,5
לוטם,609,1171.0,35.35715,32.8819,722.0,0,0,5
לוטן,610,1255.0,35.09407,29.993370000000002,166.0,0,0,2
לימן,611,674.0,35.11354,33.058859999999996,684.0,0,0,5
לכיש,612,24.0,34.84232,31.5619,761.0,0,0,8
לפיד,613,1310.0,35.032309999999995,31.917270000000002,2345.0,0,0,3
לפידות,614,1173.0,35.26081,32.959340000000005,143.0,0,0,7
לקיה,615,1060.0,34.867090000000005,31.32432,14616.0,0,0,5
מאור,616,2055.0,35.005309999999994,32.42331,1351.0,0,0,8
מבוא ביתר,617,771.0,35.1059,31.7221,961.0,0,0,3
מבוא דותן,618,3569.0,35.17563,32.42022,540.0,0,0,5
מבוא חורון,619,3709.0,35.036559999999994,31.847559999999998,2718.0,0,0,5
מבוא חמה,620,4204.0,35.65509,32.73556,521.0,35,1,1
מבוא מודיעים,621,1141.0,34.98744,31.933970000000002,201.0,0,0,1
מבואות ים,622,1318.0,34.86845,32.40327,45.0,36,1,1
מבועים,623,1080.0,34.65392,31.449309999999997,1204.0,0,0,5
מבטחים,624,829.0,34.40784,31.239320000000003,517.0,0,0,0
מבקיעים,625,573.0,34.57829,31.62203,465.0,0,0,1
מבשרת ציון,626,1015.0,35.1508,31.798779999999997,24347.0,0,0,3
מג'ד אל-כרום,627,516.0,35.24239,32.91643,15599.0,0,0,5
מג'דל שמס,628,4201.0,35.77155,33.26462,11244.0,37,1,1
מגאר,629,481.0,35.41195,32.87515,23271.0,0,0,5
מגדים,630,689.0,34.958009999999994,32.729,1126.0,0,0,1
מגדל,631,65.0,35.49828,32.8399,1939.0,0,0,5
מגדל העמק,632,874.0,35.245490000000004,32.68045,25790.0,0,0,3
מגדל עוז,633,3561.0,35.14246,31.64023,358.0,38,1,1
מגדלים,634,3751.0,35.342259999999996,32.0901,500.0,39,1,1
מגידו,635,586.0,35.18005,32.579370000000004,845.0,0,0,5
מגל,636,375.0,35.03589,32.38539,1200.0,0,0,8
מגן שאול,637,1155.0,35.30598,32.523340000000005,673.0,0,0,5
מגשימים,638,722.0,34.900259999999996,32.04309,852.0,0,0,0
מדרך עוז,639,2029.0,35.15896,32.595420000000004,774.0,0,0,0
מדרשת בן גוריון,640,1140.0,34.78145,30.8539,1596.0,40,1,1
מדרשת רופין,641,897.0,34.9118,32.34233,5.0,0,0,1
מודיעין עילית,642,3797.0,35.03958,31.93171,78775.0,0,0,5
מודיעין-מכבים-רעות,643,1200.0,34.98922,31.896279999999997,94744.0,0,0,3
מולדה,644,1360.0,34.97305,31.255020000000002,1982.0,0,0,0
מולדת,645,269.0,35.44164,32.586009999999995,1089.0,0,0,5
מוצא עילית,646,208.0,35.15651,31.79301,1052.0,0,0,8
מוקייבלה,647,635.0,35.29618,32.514509999999994,4124.0,0,0,1
מורשת,648,1178.0,35.2336,32.8259,1624.0,0,0,8
מזור,649,606.0,34.92406,32.05207,1057.0,0,0,5
מזכרת בתיה,650,28.0,34.84261,31.840659999999996,15095.0,0,0,3
מזרע,651,104.0,35.28737,32.65113,811.0,0,0,3
מזרעה,652,517.0,35.10195,32.98375,4006.0,0,0,8
מחולה,653,3599.0,35.51501,32.365190000000005,628.0,0,0,7
מחנה הילה,654,1411.0,34.692240000000005,31.90598,181.0,0,0,5
מחנה טלי,655,1418.0,34.667120000000004,30.751459999999998,178.0,0,0,8
מחנה יוכבד,656,1416.0,34.9305,29.93143,172.0,0,0,8
מחנה יפה,657,1415.0,34.67498,31.2205,296.0,0,0,1
מחנה יתיר,658,1196.0,35.060159999999996,31.347140000000003,264.0,0,0,8
מחנה מרים,659,1414.0,34.72475,31.7528,144.0,0,0,8
מחנה עדי,660,1417.0,35.03182,31.21245,,0,0,1
מחנה תל נוף,661,1412.0,34.8194,31.83428,248.0,0,0,5
מחניים,662,308.0,35.57025,32.98957,793.0,0,0,0
מחסיה,663,776.0,35.00698,31.74832,469.0,0,0,0
מטולה,664,43.0,35.57483,33.26744,1600.0,0,0,3
מטע,665,822.0,35.06191,31.717909999999996,808.0,0,0,4
מי עמי,666,1128.0,35.148579999999995,32.50416,368.0,0,0,1
מיטב,667,2054.0,35.30068,32.54607,484.0,0,0,8
מייסר,668,649.0,35.04195,32.44455,2057.0,0,0,8
מירב,669,1282.0,35.42172,32.45286,760.0,0,0,5
מירון,670,607.0,35.440670000000004,32.98672,767.0,0,0,1
מישר,671,731.0,34.75356,31.81702,652.0,0,0,5
מיתר,672,1268.0,34.93958,31.32323,9963.0,0,0,3
מכחול,673,1343.0,35.06644,31.288890000000002,989.0,0,0,7
מכמורת,674,382.0,34.87311,32.406620000000004,1223.0,0,0,5
מלאה,675,164.0,35.23735,32.56422,388.0,0,0,5
מלילות,676,2044.0,34.59478,31.3878,399.0,0,0,8
מלכיה,677,596.0,35.50945,33.10523,434.0,41,1,1
מלכישוע,678,1154.0,35.41509,32.43736,59.0,0,0,4
מנוחה,679,2030.0,34.7769,31.6564,609.0,0,0,5
מנוף,680,1174.0,35.23799,32.85277,830.0,0,0,5
מנחמיה,681,48.0,35.55303,32.66275,1156.0,0,0,5
מנשית זבדה,682,994.0,35.191959999999995,32.70706,1422.0,0,0,0
מסד,683,1258.0,35.4231,32.84366,397.0,0,0,1
מסדה,684,263.0,35.597359999999995,32.68345,302.0,0,0,4
מסילות,685,298.0,35.47449,32.49541,432.0,0,0,5
מסילת ציון,686,742.0,35.01141,31.802429999999998,962.0,0,0,8
מסלול,687,748.0,34.585840000000005,31.324270000000002,711.0,0,0,5
מסעדה,688,4203.0,35.77036,33.23046,3755.0,0,0,1
מסעודין אל-עזאזמה,689,939.0,34.923,30.986,17828.0,0,0,8
מעברות,690,197.0,34.90504,32.36332,893.0,0,0,5
מעגלים,691,1082.0,34.59892,31.39675,2066.0,0,0,3
מעגן,692,678.0,35.601929999999996,32.706340000000004,358.0,0,0,7
מעגן מיכאל,693,694.0,34.916740000000004,32.557590000000005,2079.0,0,0,4
מעוז חיים,694,272.0,35.55109,32.49324,485.0,0,0,5
מעון,695,3657.0,35.16438,31.4136,623.0,0,0,5
מעונה,696,570.0,35.26117,33.01795,897.0,0,0,8
מעיליא,697,518.0,35.2586,33.02697,3245.0,0,0,5
מעין ברוך,698,416.0,35.60863,33.24046,586.0,0,0,1
מעין צבי,699,290.0,34.940459999999995,32.56801,767.0,0,0,8
מעלה אדומים,700,3616.0,35.32513,31.792959999999997,37802.0,0,0,3
מעלה אפרים,701,3608.0,35.40377,32.07513,1474.0,0,0,3
מעלה גלבוע,702,1127.0,35.42007,32.47513,728.0,0,0,8
מעלה גמלא,703,4008.0,35.684290000000004,32.88828,592.0,0,0,1
מעלה החמישה,704,286.0,35.11087,31.81788,792.0,0,0,8
מעלה לבונה,705,3752.0,35.24045,32.054809999999996,738.0,0,0,3
מעלה מכמש,706,3651.0,35.30601,31.87929,1726.0,0,0,8
מעלה עירון,707,1327.0,35.15398,32.55231,15351.0,0,0,0
מעלה עמוס,708,3653.0,35.229729999999996,31.596140000000002,841.0,0,0,5
מעלות-תרשיחא,709,1063.0,35.27689,33.01271,22158.0,0,0,3
מענית,710,344.0,35.02832,32.45671,790.0,0,0,5
מעש,711,230.0,34.8895,32.06408,873.0,0,0,5
מפלסים,712,668.0,34.56256,31.50218,794.0,0,0,5
מפעלי ברקן,713,1791.0,,,,0,0,1
מצדות יהודה,714,3745.0,35.11289,31.36478,616.0,0,0,1
מצובה,715,325.0,35.15797,33.06313,1123.0,0,0,5
מצליח,716,757.0,34.87471,31.906309999999998,1274.0,0,0,8
"מצפה אבי""ב",717,1222.0,35.202090000000005,32.835640000000005,1069.0,0,0,5
מצפה אילן,718,1370.0,35.06957,32.46253,705.0,0,0,1
מצפה יריחו,719,3576.0,35.39413,31.81588,2565.0,0,0,5
מצפה נטופה,720,1190.0,35.38445,32.80296,1079.0,0,0,5
מצפה רמון,721,99.0,34.815509999999996,30.62562,5183.0,0,0,3
מצפה שלם,722,3610.0,35.4011,31.5675,217.0,0,0,1
מצר,723,648.0,35.04802,32.4405,466.0,42,1,1
מרגליות,724,843.0,35.54383,33.21451,405.0,0,0,5
מרום גולן,725,4101.0,35.776920000000004,33.13296,736.0,0,0,8
מרחב עם,726,1340.0,34.83455,30.88283,555.0,0,0,8
מרחביה (מושב),727,97.0,35.31577,32.60286,715.0,0,0,4
מרחביה (קיבוץ),728,66.0,35.30853,32.60539,1230.0,0,0,3
מרכז שפירא,729,1098.0,34.70689,31.69645,2399.0,0,0,5
משגב דב,730,765.0,34.73982,31.819770000000002,670.0,0,0,5
משגב עם,731,378.0,35.5491,33.24695,288.0,0,0,5
משהד,732,520.0,35.32192,32.75029,8473.0,0,0,3
משואה,733,3605.0,35.49243,32.11338,206.0,43,1,1
משואות יצחק,734,620.0,34.68999,31.702070000000003,670.0,0,0,3
משכיות,735,3785.0,35.4945,32.29635,312.0,44,1,1
משמר איילון,736,670.0,34.94585,31.8714,554.0,0,0,3
משמר דוד,737,563.0,34.90099,31.82296,1111.0,0,0,3
משמר הירדן,738,732.0,35.59792,33.00526,795.0,0,0,8
משמר הנגב,739,395.0,34.71917,31.3638,988.0,0,0,5
משמר העמק,740,130.0,35.144040000000004,32.60921,1129.0,0,0,8
משמר השבעה,741,729.0,34.82407,32.00907,908.0,0,0,8
משמר השרון,742,194.0,34.90442,32.35692,626.0,0,0,5
משמרות,743,213.0,34.982929999999996,32.48648,1064.0,0,0,1
משמרת,744,425.0,34.9179,32.2262,890.0,0,0,5
משען,745,791.0,34.62423,31.65805,986.0,0,0,5
מתן,746,1315.0,34.97292,32.15849,3630.0,0,0,3
מתת,747,1184.0,35.35913,33.040859999999995,218.0,0,0,8
מתתיהו,748,3648.0,35.03165,31.92926,839.0,0,0,5
נאות גולן,749,4551.0,35.69164,32.78655,626.0,0,0,1
נאות חובב,750,1770.0,,,,0,0,5
נאעורה,751,524.0,35.392920000000004,32.61422,2345.0,0,0,1
נבטים,752,396.0,34.88214,31.2238,1048.0,0,0,5
נגבה,753,315.0,34.68282,31.662540000000003,907.0,0,0,1
נגוהות,754,3724.0,34.9831,31.49305,472.0,0,0,1
נהורה,755,309.0,34.70507,31.6234,1288.0,0,0,5
נהלל,756,80.0,35.197829999999996,32.690740000000005,1026.0,0,0,8
נהריה,757,9100.0,35.104490000000006,33.01287,59189.0,0,0,3
נוב,758,4304.0,35.78373,32.83142,975.0,0,0,5
נוגה,759,55.0,34.69421,31.62417,540.0,0,0,8
נווה,760,1366.0,34.329209999999996,31.16152,926.0,0,0,3
נווה אור,761,590.0,35.55284,32.588,407.0,0,0,0
"נווה אטי""ב",762,4303.0,35.7417,33.261959999999995,196.0,0,0,1
נווה אילן,763,405.0,35.08141,31.80775,884.0,0,0,5
נווה אילן מ. תעסוקה,764,1702.0,,,,0,0,1
נווה איתן,765,296.0,35.53247,32.491929999999996,190.0,0,0,5
נווה אפרים,766,1062.0,34.82148,32.1215,,0,0,5
נווה דניאל,767,3725.0,35.14359,31.67685,2320.0,0,0,3
נווה זיו,768,1314.0,35.182179999999995,33.02698,810.0,0,0,5
נווה ימין,769,686.0,34.93885,32.17132,1185.0,0,0,5
נווה ירק,770,858.0,34.92434,32.133959999999995,1150.0,0,0,3
נווה מבטח,771,827.0,34.74042,31.80606,653.0,0,0,8
נווה מיכאל,772,1071.0,35.00598,31.67319,750.0,0,0,8
נווה שלום,773,1259.0,34.97853,31.81762,305.0,0,0,3
נועם,774,15.0,34.788470000000004,31.56877,452.0,0,0,5
נוף איילון,775,1333.0,34.988859999999995,31.86877,2100.0,0,0,3
נוף הגליל,776,1061.0,35.33743,32.69878,41950.0,0,0,3
נופים,777,3790.0,35.101729999999996,32.15352,985.0,0,0,8
נופית,778,1284.0,35.14575,32.75926,2612.0,0,0,5
נופך,779,257.0,34.92091,32.0435,555.0,0,0,1
נוקדים,780,3726.0,35.24366,31.64565,2584.0,0,0,3
נורדיה,781,447.0,34.898509999999995,32.31389,1979.0,0,0,5
נורית,782,833.0,35.35838,32.540690000000005,212.0,0,0,1
נחושה,783,59.0,34.95527,31.62855,1480.0,0,0,5
נחל עוז,784,844.0,34.49731,31.4728,431.0,0,0,5
נחלה,785,2045.0,34.79387,31.658440000000002,708.0,0,0,1
נחליאל,786,3767.0,35.1397,31.97427,750.0,0,0,7
נחלים,787,449.0,34.91133,32.05854,1377.0,0,0,5
נחם,788,809.0,35.00314,31.76572,581.0,0,0,0
נחף,789,522.0,35.31308,32.93505,13343.0,0,0,5
נחשולים,790,433.0,34.92157,32.61377,708.0,0,0,8
נחשון,791,777.0,34.955040000000004,31.8311,567.0,0,0,8
נחשונים,792,705.0,34.94849,32.06114,412.0,45,1,1
נטועה,793,1147.0,35.329190000000004,33.065059999999995,318.0,0,0,1
נטור,794,4014.0,35.75343,32.85301,518.0,0,0,1
נטע,795,1369.0,34.9282,31.47833,725.0,0,0,1
נטעים,796,174.0,34.77579,31.9438,710.0,0,0,1
נטף,797,1254.0,35.06775,31.83227,473.0,0,0,5
ניין,798,523.0,35.34852,32.63159,1970.0,0,0,8
"ניל""י",799,3655.0,35.04651,31.96355,1788.0,0,0,5
ניצן,800,351.0,34.63026,31.73951,2536.0,0,0,3
ניצן ב',801,1419.0,34.63661,31.736290000000004,762.0,0,0,8
ניצני עוז,802,851.0,35.00376,32.30581,1019.0,0,0,5
ניצנים,803,359.0,34.63505,31.71663,501.0,46,1,1
ניר אליהו,804,808.0,34.94907,32.19686,537.0,0,0,8
ניר בנים,805,553.0,34.75575,31.671470000000003,720.0,0,0,0
ניר גלים,806,720.0,34.68318,31.82532,1171.0,0,0,3
ניר דוד (תל עמל),807,256.0,35.45483,32.50492,789.0,0,0,1
"ניר ח""ן",808,11.0,34.71441,31.610359999999996,535.0,0,0,5
ניר יפה,809,165.0,35.24608,32.56927,656.0,0,0,8
ניר יצחק,810,402.0,34.358109999999996,31.2372,613.0,0,0,1
ניר ישראל,811,699.0,34.637859999999996,31.6876,818.0,0,0,2
ניר משה,812,2047.0,34.629979999999996,31.476440000000004,519.0,0,0,5
ניר עוז,813,69.0,34.40251,31.31135,419.0,0,0,0
ניר עם,814,348.0,34.58097,31.51959,488.0,0,0,1
ניר עציון,815,769.0,34.99372,32.69705,646.0,0,0,8
ניר עקיבא,816,2048.0,34.64665,31.46957,650.0,0,0,5
ניר צבי,817,331.0,34.86248,31.95345,1189.0,0,0,5
נירים,818,602.0,34.39506,31.335290000000004,440.0,0,0,3
נירית,819,1236.0,34.984609999999996,32.146159999999995,967.0,0,0,5
נס הרים,820,825.0,35.05722,31.745409999999996,1362.0,0,0,3
נס עמים,821,1143.0,35.1208,32.96798,412.0,0,0,1
נס ציונה,822,7200.0,34.79249,31.922220000000003,50532.0,0,0,3
נעלה,823,3787.0,35.06428,31.962940000000003,2365.0,0,0,5
נען,824,158.0,34.85703,31.883000000000003,1703.0,0,0,8
נצאצרה (שבט),825,1041.0,34.923,30.986,530.0,0,0,5
נצר חזני,826,1372.0,34.862759999999994,31.82088,516.0,0,0,5
נצר סרני,827,435.0,34.82558,31.92295,901.0,0,0,8
נצרת,828,7300.0,35.29019,32.70397,77734.0,0,0,3
נשר,829,2500.0,35.042970000000004,32.76575,23947.0,0,0,3
נתיב הגדוד,830,3555.0,35.44453,31.98885,220.0,47,1,1
"נתיב הל""ה",831,693.0,34.9819,31.688029999999998,572.0,0,0,5
נתיב העשרה,832,1242.0,34.53996,31.57214,979.0,0,0,5
נתיב השיירה,833,792.0,35.136390000000006,32.99315,516.0,0,0,8
נתיבות,834,246.0,34.57781,31.425240000000002,39456.0,0,0,3
נתניה,835,7400.0,34.85904,32.30585,223562.0,0,0,3
סאג'ור,836,525.0,35.34153,32.9398,4360.0,0,0,1
סביון,837,587.0,34.87823,32.046640000000004,4045.0,0,0,3
סגולה,838,2046.0,34.780429999999996,31.670479999999998,609.0,0,0,8
סואחרה,839,3625.0,35.20427,31.89804,,0,0,1
סואעד (כמאנה) (שבט),840,989.0,35.2197,32.9963,25.0,0,0,1
סולם,841,526.0,35.3342,32.606,2648.0,0,0,1
סוסיה,842,3756.0,35.11423,31.392020000000002,1329.0,0,0,8
סופה,843,1238.0,34.34153,31.236459999999997,200.0,0,0,1
סח'נין,844,7500.0,35.31022,32.86436,32220.0,0,0,3
סייד (שבט),845,1170.0,34.923,30.986,2162.0,0,0,7
סילת אל-חארתיה,846,3627.0,35.20427,31.89804,,0,0,1
סלמה,847,1245.0,35.36743,32.891709999999996,3399.0,0,0,7
סלעית,848,3567.0,35.050059999999995,32.24239,1370.0,0,0,5
סמר,849,1156.0,35.02265,29.83199,256.0,0,0,5
סנסנה,850,3777.0,35.20427,31.89804,620.0,0,0,5
סעד,851,419.0,34.5349,31.4703,904.0,0,0,1
סער,852,454.0,35.1095,33.028929999999995,837.0,0,0,2
ספיר,853,1176.0,35.18442,30.612309999999997,532.0,0,0,3
סתריה,854,610.0,34.844640000000005,31.89054,1051.0,0,0,5
ע'ג'ר,855,4501.0,35.631409999999995,33.26924,2694.0,48,1,1
עבדון,856,892.0,35.18025,33.04907,724.0,0,0,4
עברון,857,376.0,35.10044,32.99168,860.0,0,0,5
עגור,858,794.0,34.911840000000005,31.69772,442.0,0,0,0
עדי,859,1199.0,35.17349,32.78289,1810.0,0,0,3
עדנים,860,2035.0,34.90524,32.140229999999995,393.0,0,0,8
עוזה,861,826.0,34.76487,31.593040000000002,485.0,0,0,5
עוזייר,862,528.0,35.32571,32.7914,3362.0,0,0,5
עולש,863,737.0,34.9865,32.33229,1052.0,0,0,5
עומר,864,666.0,34.84794,31.27566,7569.0,0,0,3
עופר,865,810.0,34.98196,32.622370000000004,544.0,0,0,5
עופרים              ,866,3792.0,,,,0,0,4
עוצם,867,32.0,34.70499,31.63873,625.0,0,0,8
עוקבי (בנו עוקבה),868,957.0,34.923,30.986,603.0,0,0,8
עזר,869,1149.0,34.67112,31.736890000000002,740.0,0,0,5
עזריאל,870,837.0,34.97043,32.261829999999996,893.0,0,0,3
עזריה,871,711.0,34.90827,31.89043,1157.0,0,0,5
עזריקם,872,817.0,34.69721,31.75017,1337.0,0,0,5
עטרת,873,3658.0,35.176190000000005,32.00242,659.0,0,0,0
עידן,874,1175.0,35.31428,30.82017,393.0,0,0,8
עיילבון,875,530.0,35.40055,32.8418,5781.0,0,0,5
עיינות,876,156.0,34.76831,31.915370000000003,124.0,0,0,1
עילוט,877,511.0,35.26226,32.71904,8527.0,0,0,5
עין א סהלה,878,657.0,35.1032,32.5294,,0,0,1
עין איילה,879,687.0,34.94625,32.62916,1042.0,0,0,8
עין אל-אסד,880,546.0,35.39949,32.940540000000006,905.0,0,0,1
עין גדי,881,2042.0,35.3854,31.4528,521.0,0,0,2
עין דור,882,436.0,35.41688,32.656290000000006,1108.0,0,0,5
עין הבשור,883,1240.0,34.44256,31.28156,1029.0,0,0,1
עין הוד,884,74.0,34.98337,32.69992,606.0,0,0,8
עין החורש,885,167.0,34.93993,32.38613,818.0,0,0,5
עין המפרץ,886,289.0,35.09702,32.903040000000004,835.0,0,0,0
"עין הנצי""ב",887,383.0,35.50399,32.46973,614.0,0,0,3
עין העמק,888,367.0,35.08403,32.62828,777.0,0,0,8
עין השופט,889,270.0,35.10058,32.59629,852.0,0,0,5
עין ורד,890,157.0,34.93242,32.26491,1535.0,0,0,5
עין זיוון,891,4503.0,35.79607,33.09636,407.0,0,0,8
עין חוד,892,1320.0,34.99981,32.691559999999996,310.0,0,0,1
עין חרוד (איחוד),893,89.0,35.39047,32.56454,604.0,0,0,2
עין חרוד (מאוחד),894,82.0,35.391729999999995,32.55742,807.0,0,0,5
עין יהב,895,806.0,35.22927,30.6437,753.0,49,1,1
עין יעקב,896,813.0,35.22767,33.010659999999994,1122.0,0,0,5
"עין כרם-בי""ס חקלאי",897,1056.0,35.153240000000004,31.77849,24.0,0,0,3
עין כרמל,898,426.0,34.953359999999996,32.67678,736.0,0,0,3
עין מאהל,899,532.0,35.35495,32.718779999999995,13545.0,0,0,3
עין נקובא,900,521.0,35.120709999999995,31.793709999999997,3575.0,0,0,2
עין עירון,901,223.0,35.01252,32.48284,524.0,0,0,8
עין צורים,902,622.0,34.71819,31.695140000000002,681.0,0,0,3
עין קנייא,903,4502.0,35.73446,33.23738,2143.0,0,0,1
עין ראפה,904,514.0,35.11438,31.79028,1261.0,0,0,3
עין שמר,905,139.0,35.0082,32.46326,658.0,50,1,1
עין שריד,906,880.0,34.9359,32.27367,1449.0,0,0,5
עינת,907,871.0,34.93911,32.08295,850.0,0,0,5
עיר אובות,908,1187.0,35.232659999999996,30.797220000000003,50.0,0,0,5
עכו,909,7600.0,35.085029999999996,32.920609999999996,49517.0,0,0,3
עלומים,910,1146.0,34.51367,31.451790000000003,484.0,0,0,5
עלי,911,3765.0,35.26608,32.07185,4485.0,0,0,3
עלי זהב,912,3727.0,35.06581,32.070890000000006,3823.0,0,0,5
עלמה,913,688.0,35.49973,33.0517,881.0,0,0,5
עלמון,914,3715.0,35.29529,31.83059,1429.0,0,0,3
עמינדב,915,779.0,35.14154,31.75143,829.0,0,0,2
עמיעוז,916,318.0,34.41322,31.248559999999998,280.0,51,1,1
עמיקם,917,773.0,35.02097,32.56265,698.0,0,0,8
עמיר,918,319.0,35.62088,33.17749,611.0,0,0,0
עמנואל,919,3660.0,35.14264,32.15635,4151.0,0,0,5
"עמק בית שאן של""ש",920,1825.0,,,,0,0,7
עמקה,921,708.0,35.16251,32.97891,815.0,0,0,8
ענב,922,3712.0,35.12642,32.28448,974.0,0,0,7
עספיא,923,534.0,35.063320000000004,32.717620000000004,12617.0,0,0,5
עפולה,924,7700.0,35.30598,32.61207,56844.0,0,0,3
עפרה,925,3617.0,35.26611,31.952090000000002,3093.0,0,0,3
עץ אפרים,926,3778.0,35.04634,32.11965,2470.0,0,0,3
עצמון שגב,927,917.0,35.25274,32.86503,1167.0,0,0,3
עראבה,928,531.0,35.33947,32.85396,26274.0,0,0,5
עראמשה,929,1246.0,35.21965,33.09091,1600.0,0,0,1
ערב אל נעים,930,1335.0,35.2894,32.888090000000005,816.0,0,0,1
ערד,931,2560.0,35.18103,31.2472,27170.0,0,0,3
ערוגות,932,593.0,34.77106,31.733659999999997,963.0,0,0,5
ערערה,933,637.0,35.09218,32.5016,25525.0,0,0,8
ערערה-בנגב,934,1192.0,35.0185,31.155340000000002,18937.0,0,0,5
עשרת,935,591.0,34.7474,31.824579999999997,1022.0,0,0,3
עתלית,936,53.0,34.94466,32.69913,9716.0,0,0,3
עתניאל,937,3748.0,35.02961,31.439459999999997,860.0,0,0,5
פארן,938,1151.0,35.16845,30.368759999999998,510.0,0,0,8
פדואל,939,3768.0,35.05216,32.06158,2035.0,0,0,5
פדויים,940,750.0,34.61019,31.32682,442.0,0,0,0
פדיה,941,838.0,34.88111,31.85898,789.0,0,0,5
פוריה - נווה עובד,942,1105.0,35.53776,32.743590000000005,1360.0,0,0,8
פוריה עילית,943,1313.0,35.54668,32.73085,1189.0,0,0,1
פוריידיס,944,537.0,34.95198,32.597879999999996,13439.0,0,0,5
פורת,945,767.0,34.95043,32.27713,1288.0,0,0,5
פטיש,946,749.0,34.55597,31.328090000000003,947.0,0,0,0
פלך,947,1185.0,35.23363,32.93374,186.0,0,0,8
פלמחים,948,597.0,34.70689,31.93345,751.0,0,0,5
פני חבר,949,3723.0,35.1654,31.4862,527.0,0,0,5
פסגות,950,3659.0,35.224740000000004,31.898979999999998,2099.0,0,0,3
פסוטה,951,535.0,35.30733,33.05209,3187.0,0,0,5
"פעמי תש""ז",952,2059.0,34.69227,31.4391,546.0,0,0,1
פצאל,953,3615.0,35.44923,32.04412,355.0,0,0,1
פקיעין (בוקייעה),954,536.0,35.32671,32.97309,5946.0,0,0,5
פקיעין חדשה,955,281.0,35.3232,32.985,488.0,0,0,7
פרדס חנה-כרכור,956,7800.0,34.97339,32.474740000000004,43646.0,0,0,3
פרדסיה,957,171.0,34.90915,32.30761,6647.0,0,0,3
פרוד,958,599.0,35.434540000000005,32.93227,610.0,0,0,1
פרזון,959,2053.0,35.311009999999996,32.545970000000004,413.0,0,0,8
פתח תקווה,960,7900.0,34.88776,32.08404,250427.0,0,0,3
פתחיה,961,839.0,34.884570000000004,31.86765,846.0,0,0,5
צבעון,962,1213.0,35.41734,33.02635,298.0,0,0,1
צובה,963,465.0,35.12019,31.784059999999997,627.0,0,0,1
צוחר,964,1136.0,34.422129999999996,31.23824,569.0,0,0,0
צופים,965,3791.0,35.00983,32.19805,2444.0,0,0,5
צופית,966,198.0,34.92257,32.19239,993.0,0,0,8
צופר,967,1150.0,35.181940000000004,30.52283,489.0,0,0,5
צוקי ים,968,1102.0,34.85883,32.36158,237.0,52,1,1
צוקים,969,1262.0,35.16924,30.49414,338.0,0,0,1
צור הדסה,970,1113.0,35.09556,31.71749,11575.0,0,0,3
צור יצחק,971,1345.0,34.99955,32.24132,6585.0,0,0,3
צור משה,972,276.0,34.91077,32.29805,3317.0,0,0,3
צור נתן,973,1148.0,35.01324,32.24107,290.0,0,0,1
צוריאל,974,774.0,35.31413,33.006820000000005,401.0,0,0,7
צורית,975,1221.0,35.25083,32.903529999999996,938.0,0,0,5
ציפורי,976,613.0,35.27988,32.745540000000005,889.0,0,0,5
צלפון,977,796.0,34.93156,31.804540000000003,982.0,0,0,8
צנדלה,978,636.0,35.32227,32.522690000000004,1825.0,0,0,4
צפריה,979,594.0,34.85647,32.00411,953.0,0,0,8
צפרירים,980,1079.0,34.942209999999996,31.660809999999998,403.0,0,0,7
צפת,981,8000.0,35.50455,32.95602,36423.0,0,0,3
צרופה,982,612.0,34.94875,32.64801,974.0,0,0,3
צרעה,983,567.0,34.9699,31.762320000000003,837.0,0,0,5
קבועה (שבט),984,1234.0,34.923,30.986,1484.0,0,0,1
קבוצת יבנה,985,334.0,34.71999,31.81555,771.0,0,0,7
קדומים,986,3557.0,35.16095,32.21795,4579.0,0,0,5
קדימה-צורן,987,195.0,34.91284,32.28282,22711.0,0,0,3
קדמת צבי,988,4025.0,35.69972,33.03014,565.0,0,0,8
קדר,989,3781.0,35.31115,31.75429,1480.0,0,0,5
קדרון,990,615.0,34.7993,31.81645,1537.0,0,0,5
קודייראת א-צאנע(שבט),991,964.0,34.923,30.986,2713.0,0,0,8
קוממיות,992,766.0,34.72974,31.66272,439.0,0,0,2
קורנית,993,1179.0,35.25166,32.84411,871.0,0,0,5
קטורה,994,1052.0,35.06157,29.96898,443.0,0,0,1
קיסריה,995,1167.0,34.9085,32.5068,5604.0,0,0,3
קלחים,996,414.0,34.68012,31.4478,602.0,0,0,5
קליה,997,3601.0,35.46703,31.75099,424.0,0,0,5
קלנסווה,998,638.0,34.97725,32.29242,23471.0,0,0,3
קלע,999,4024.0,35.69043,33.13243,330.0,0,0,1
קלקליה,1000,3700.0,35.20427,31.89804,,0,0,1
קציר,1001,1243.0,34.847,32.05668,2957.0,0,0,5
קצר א-סר,1002,1347.0,34.9826,31.080070000000003,2584.0,0,0,7
קצרין,1003,4100.0,35.69619,32.99283,7507.0,0,0,3
קרית אונו,1004,2620.0,34.85796,32.05696,40778.0,0,0,3
קרית ארבע,1005,3611.0,35.111259999999994,31.532259999999997,7346.0,0,0,3
קרית אתא,1006,6800.0,35.10942,32.80648,59291.0,0,0,3
קרית ביאליק,1007,9500.0,35.09656,32.84263,41645.0,0,0,3
קרית גת,1008,2630.0,34.774390000000004,31.60769,58550.0,0,0,3
קרית טבעון,1009,2300.0,35.1237,32.71434,18266.0,0,0,3
קרית ים,1010,9600.0,35.071659999999994,32.849909999999994,39389.0,0,0,3
קרית יערים,1011,1137.0,35.09969,31.803440000000002,6252.0,0,0,3
קרית יערים(מוסד),1012,2039.0,35.10411,31.811740000000004,43.0,0,0,2
קרית מוצקין,1013,8200.0,35.08299,32.84235,45461.0,0,0,3
קרית מלאכי,1014,1034.0,34.748709999999996,31.729440000000004,24346.0,0,0,3
קרית נטפים,1015,3746.0,35.11247,32.11674,806.0,0,0,0
קרית ענבים,1016,78.0,35.12048,31.810579999999998,361.0,0,0,1
קרית עקרון,1017,469.0,34.8215,31.8618,11034.0,0,0,3
קרית שלמה,1018,412.0,34.86175,32.23453,1.0,0,0,8
קרית שמונה,1019,2800.0,35.57407,33.212709999999994,22470.0,0,0,3
קרני שומרון,1020,3640.0,35.10499,32.17246,9492.0,0,0,3
קשת,1021,4006.0,35.80907,32.97737,796.0,0,0,7
ראמאללה,1022,3800.0,35.20427,31.89804,,0,0,1
ראמה,1023,543.0,35.371990000000004,32.93309,7763.0,0,0,3
ראס אל-עין,1024,1334.0,35.37249,32.9128,411.0,53,1,1
ראש העין,1025,2640.0,34.96291,32.0949,67337.0,0,0,3
ראש פינה,1026,26.0,35.55936,32.96913,3233.0,0,0,3
ראש צורים,1027,3602.0,35.12356,31.667820000000003,986.0,0,0,5
ראשון לציון,1028,8300.0,34.78085,31.97042,255891.0,0,0,3
רבבה,1029,3795.0,35.12836,32.11864,2803.0,0,0,3
רבדים,1030,564.0,34.81384,31.773840000000003,821.0,0,0,3
רביבים,1031,354.0,34.72143,31.043540000000004,746.0,0,0,5
רביד,1032,1225.0,35.46338,32.850429999999996,106.0,54,1,1
רגבה,1033,390.0,35.09875,32.97653,1023.0,0,0,5
רגבים,1034,444.0,35.034459999999996,32.524440000000006,533.0,0,0,8
רהט,1035,1161.0,34.75805,31.38685,73671.0,0,0,5
רווחה,1036,2051.0,34.73413,31.64948,584.0,0,0,0
רוויה,1037,2016.0,35.47254,32.44843,398.0,0,0,8
רוחמה,1038,362.0,34.70543,31.49723,616.0,0,0,1
רומאנה,1039,539.0,35.31055,32.78808,1245.0,0,0,1
רומת הייב,1040,997.0,35.30403,32.77726,2096.0,0,0,5
רותם,1041,3782.0,35.50316,32.31625,248.0,0,0,1
רחוב,1042,854.0,35.48829,32.45029,424.0,0,0,0
רחובות,1043,8400.0,34.80984,31.89585,146213.0,0,0,3
רחלים,1044,3822.0,35.25776,32.10246,910.0,0,0,8
ריחאניה,1045,540.0,35.486129999999996,33.04983,1251.0,0,0,5
ריחן,1046,3568.0,35.13605,32.46953,359.0,55,1,1
ריינה,1047,542.0,35.30579,32.72875,19134.0,0,0,3
רימונים,1048,3565.0,35.34097,31.933629999999997,710.0,0,0,3
רינתיה,1049,616.0,34.92917,32.04244,989.0,0,0,8
רכסים,1050,922.0,35.107659999999996,32.7494,13195.0,0,0,3
רם-און,1051,1069.0,35.259679999999996,32.526790000000005,908.0,0,0,5
רמות השבים,1052,206.0,34.8775,32.16261,1455.0,0,0,8
רמות מאיר,1053,735.0,34.857279999999996,31.87353,695.0,0,0,5
רמות מנשה,1054,445.0,35.056059999999995,32.59687,1247.0,0,0,3
רמות נפתלי,1055,372.0,35.55325,33.10151,531.0,0,0,1
רמלה,1056,8500.0,34.87061,31.92732,76903.0,0,0,3
רמת גן,1057,8600.0,34.82744,32.06427,166746.0,0,0,3
רמת דוד,1058,135.0,35.196020000000004,32.67325,557.0,0,0,1
רמת הכובש,1059,184.0,34.93755,32.21776,875.0,0,0,5
רמת השופט,1060,335.0,35.09332,32.61071,963.0,0,0,5
רמת השרון,1061,2650.0,34.83446,32.135709999999996,47482.0,0,0,3
רמת יוחנן,1062,178.0,35.1232,32.7936,977.0,0,0,4
רמת ישי,1063,122.0,35.16871,32.7057,7896.0,0,0,3
רמת מגשימים,1064,4701.0,35.807109999999994,32.845729999999996,772.0,0,0,3
רמת פנקס,1065,883.0,34.84148,32.03481,,0,0,1
רמת צבי,1066,339.0,35.41407,32.59129,711.0,0,0,8
רמת רזיאל,1067,460.0,35.072379999999995,31.774279999999997,626.0,56,1,1
רמת רחל,1068,127.0,35.22027,31.739990000000002,497.0,0,0,2
רנן,1069,789.0,34.6013,31.33742,644.0,0,0,8
רעים,1070,713.0,34.45844,31.38537,439.0,0,0,8
רעננה,1071,8700.0,34.866690000000006,32.18946,76958.0,0,0,3
רקפת,1072,1228.0,35.2648,32.85492,1023.0,0,0,8
רשפון,1073,247.0,34.82592,32.201879999999996,1188.0,0,0,5
רשפים,1074,437.0,35.47753,32.47926,1048.0,0,0,7
רתמים,1075,1260.0,34.68922,31.052709999999998,687.0,0,0,8
שאר ישוב,1076,324.0,35.647290000000005,33.22573,536.0,0,0,1
שבי דרום,1077,1377.0,,,277.0,0,0,0
שבי ציון,1078,282.0,35.0873,32.97959,1193.0,0,0,5
שבי שומרון,1079,3571.0,35.1846,32.26358,1056.0,0,0,8
שבלי - אום אל-גנם,1080,913.0,35.40214,32.690670000000004,6157.0,0,0,4
שגב-שלום,1081,1286.0,34.83983,31.199609999999996,11328.0,0,0,5
שדה אילן,1082,721.0,35.42499,32.74735,677.0,0,0,8
שדה אליהו,1083,304.0,35.515159999999995,32.440220000000004,742.0,0,0,3
שדה אליעזר,1084,861.0,35.56438,33.046929999999996,889.0,0,0,0
שדה בוקר,1085,885.0,34.7917,30.876929999999998,483.0,57,1,1
שדה דוד,1086,36.0,34.68268,31.5756,624.0,0,0,5
שדה ורבורג,1087,284.0,34.9047,32.20633,1243.0,0,0,5
שדה יואב,1088,293.0,34.67733,31.644840000000002,578.0,0,0,5
שדה יעקב,1089,142.0,35.1395,32.69658,1041.0,0,0,8
שדה יצחק,1090,2008.0,34.992909999999995,32.405159999999995,555.0,0,0,3
שדה משה,1091,18.0,34.79987,31.61228,600.0,0,0,5
שדה נחום,1092,259.0,35.48086,32.526140000000005,871.0,0,0,5
שדה נחמיה,1093,329.0,35.62243,33.186859999999996,1086.0,0,0,0
שדה ניצן,1094,1058.0,34.41957,31.23002,374.0,0,0,8
שדה עוזיהו,1095,739.0,34.67459,31.75603,1488.0,0,0,5
שדה צבי,1096,2049.0,34.71263,31.448829999999997,635.0,0,0,8
שדות ים,1097,327.0,34.89291,32.492329999999995,1003.0,0,0,5
שדות מיכה,1098,27.0,34.92305,31.72155,369.0,0,0,8
שדי אברהם,1099,1223.0,34.33619,31.212159999999997,351.0,0,0,5
שדי חמד,1100,2015.0,34.943659999999994,32.15988,931.0,0,0,5
שדי תרומות,1101,2057.0,35.4874,32.43848,483.0,0,0,1
שדמה,1102,555.0,34.74165,31.83312,453.0,0,0,4
שדמות דבורה,1103,306.0,35.43873,32.6962,705.0,58,1,1
שדמות מחולה,1104,3578.0,35.53629,32.34404,761.0,0,0,5
שדרות,1105,1031.0,34.595859999999995,31.52877,28899.0,0,0,3
שואבה,1106,741.0,35.07783,31.79828,562.0,0,0,3
שובה,1107,761.0,34.54396,31.452759999999998,760.0,0,0,0
שובל,1108,394.0,34.7431,31.413140000000002,785.0,0,0,3
שוהם,1109,1304.0,34.95173,31.999290000000002,21029.0,0,0,3
שומרה,1110,614.0,35.282309999999995,33.08421,391.0,0,0,8
שומריה,1111,1265.0,34.88521,31.43269,800.0,0,0,8
שוקדה,1112,415.0,34.52052,31.421159999999997,622.0,0,0,0
שורש,1113,456.0,35.06548,31.796909999999997,1196.0,0,0,5
שורשים,1114,1235.0,35.25874,32.89307,536.0,0,0,8
שושנת העמקים,1115,224.0,34.85694,32.35418,498.0,0,0,8
שזור,1116,527.0,35.35167,32.93168,343.0,0,0,1
שחר,1117,7.0,34.72522,31.61951,721.0,0,0,5
שחרות,1118,1266.0,34.99912,29.90467,164.0,0,0,1
שיבולים,1119,865.0,34.60641,31.39408,353.0,59,1,1
שייח' דנון,1120,658.0,35.1472,32.99387,2936.0,0,0,5
שילה,1121,3641.0,35.30048,32.052170000000004,4592.0,0,0,3
שילת,1122,1165.0,35.02089,31.918329999999997,751.0,0,0,0
שכניה,1123,1160.0,35.24685,32.848440000000004,815.0,0,0,1
שלווה,1124,873.0,34.76657,31.5659,579.0,0,0,8
שלוחות,1125,439.0,35.480259999999994,32.468790000000006,429.0,0,0,2
שלומי,1126,812.0,35.14715,33.0716,6736.0,0,0,5
שלומית,1127,1364.0,34.3029,31.17063,399.0,0,0,3
שמיר,1128,366.0,35.65995,33.16491,810.0,0,0,5
שמעה,1129,3784.0,35.012570000000004,31.387940000000004,839.0,0,0,0
שמרת,1130,432.0,35.09493,32.95173,579.0,0,0,8
שמשית,1131,1337.0,35.24765,32.7332,2518.0,0,0,5
שני,1132,1287.0,35.069390000000006,31.355990000000002,507.0,0,0,8
שניר,1133,1132.0,35.67816,33.24184,599.0,0,0,1
שעב,1134,538.0,35.22518,32.892720000000004,7202.0,0,0,5
שעל,1135,4009.0,35.71905,33.11554,348.0,4,1,1
שעלבים,1136,856.0,34.98315,31.87102,1507.0,0,0,3
שער אפרים,1137,661.0,34.997,32.28875,1807.0,0,0,2
שער הגולן,1138,264.0,35.60429,32.6855,556.0,0,0,4
שער העמקים,1139,237.0,35.11206,32.72371,692.0,60,1,1
שערי תקווה,1140,3720.0,35.02599,32.12314,6049.0,0,0,3
שפיים,1141,232.0,34.82363,32.21738,1273.0,0,0,3
שפיר,1142,692.0,34.73137,31.6961,920.0,0,0,5
שפר,1143,846.0,35.43639,32.94372,458.0,61,1,1
שפרעם,1144,8800.0,35.17743,32.8021,42400.0,0,0,3
שקד,1145,3649.0,35.1687,32.47396,959.0,0,0,5
שקף,1146,1233.0,34.935990000000004,31.51415,473.0,0,0,5
שרונה,1147,292.0,35.46739,32.72437,618.0,0,0,5
שריגים (לי-און),1148,1114.0,34.935,31.6773,971.0,0,0,2
שריד,1149,126.0,35.22576,32.660709999999995,939.0,0,0,5
שרשרת,1150,398.0,34.60349,31.40633,380.0,0,0,5
שתולים,1151,763.0,34.68357,31.77392,2093.0,0,0,3
תאשור,1152,2062.0,34.648070000000004,31.371270000000003,364.0,0,0,8
תדהר,1153,2061.0,34.627109999999995,31.3783,650.0,0,0,5
תובל,1154,1172.0,35.24593,32.92968,311.0,0,0,1
תומר,1155,3558.0,35.44207,32.0169,346.0,0,0,5
תושיה,1156,1083.0,34.54084,31.432990000000004,539.0,0,0,1
תימורים,1157,163.0,34.75933,31.716490000000004,718.0,0,0,8
תירוש,1158,10.0,34.88655,31.750690000000002,417.0,0,0,8
תל אביב - יפו,1159,5000.0,34.7924,32.08436,501015.0,0,0,5
תל יוסף,1160,84.0,35.3995,32.55587,509.0,0,0,1
תל יצחק,1161,287.0,34.86889,32.25322,747.0,0,0,8
תל מונד,1162,154.0,34.91993,32.25397,13461.0,0,0,3
תל עדשים,1163,103.0,35.3024,32.65635,1259.0,0,0,1
תל קציר,1164,719.0,35.61786,32.7064,429.0,0,0,8
תל שבע,1165,1054.0,34.86704,31.248829999999998,21531.0,0,0,5
תל תאומים,1166,1283.0,35.49635,32.44234,531.0,0,0,7
תלם,1167,3719.0,35.03096,31.564459999999997,475.0,0,0,8
תלמי אליהו,1168,1051.0,34.42913,31.22908,273.0,0,0,1
תלמי אלעזר,1169,2003.0,34.976440000000004,32.445440000000005,947.0,0,0,5
"תלמי ביל""ו",1170,2050.0,34.64799,31.43774,501.0,0,0,8
תלמי יוסף,1171,1237.0,34.360859999999995,31.19916,303.0,0,0,5
תלמי יחיאל,1172,727.0,34.76083,31.75437,824.0,0,0,5
תלמי יפה,1173,744.0,34.61352,31.61751,626.0,0,0,5
תלמים,1174,814.0,34.67326,31.56447,865.0,0,0,8
תמרת,1175,1244.0,35.22545,32.70363,1380.0,0,0,5
תנובות,1176,2002.0,34.96309,32.30655,794.0,0,0,5
תעוז,1177,752.0,34.974340000000005,31.80102,619.0,0,0,8
תפרח,1178,709.0,34.67712,31.3272,2243.0,0,0,8
תקומה,1179,665.0,34.57922,31.4514,799.0,0,0,1
תקוע,1180,3563.0,35.22933,31.65233,4188.0,0,0,3
תראבין א-צאנע,1181,1346.0,34.737759999999994,31.34403,1178.0,0,0,8
תראבין א-צאנע (שבט),1182,970.0,34.923,30.986,1174.0,0,0,8
תרום,1183,778.0,34.98178,31.783179999999998,919.0,0,0,2
צאלים,1184,413.0,34.5227,31.20634,461.0,0,0,0
רועי,1185,3619.0,35.4832,32.24831,152.0,0,0,0
חלוץ,1186,1272.0,35.31288,32.950109999999995,535.0,0,0,0
ארסוף,1187,1324.0,34.81664,32.21393,164.0,0,0,5
מנות,1188,1205.0,35.19202,33.03771,505.0,0,0,8
מפעלי חפר,1189,1745.0,,,,0,0,5
עין גב,1190,273.0,35.64017,32.78331,523.0,0,0,5
זנוח,1191,816.0,34.999520000000004,31.73198,539.0,0,0,0
צביה,1192,1180.0,35.33162,32.89139,311.0,0,0,5
נמרוד               ,1193,4035.0,,,18.0,0,0,5
כפר דניאל,1194,707.0,34.93224,31.93341,625.0,0,0,5
כמהין,1195,1291.0,34.43108,30.91126,208.0,0,0,1
שער מנשה,1196,921.0,35.01461,32.44767,101.0,0,0,8
מקווה ישראל,1197,22.0,34.78291,32.0286,185.0,0,0,8
פרי גן,1198,1231.0,34.3548,31.21995,238.0,0,0,8
ניצנה (קהילת חינוך),1199,1195.0,34.42281,30.88533,108.0,0,0,5
אבו בלאל,1200,931.0,34.952870000000004,32.2325,,0,0,5
מוצא תחתית,1201,40.0,35.16851,31.79441,,0,0,6
סואעד (חמרייה)(שבט),1202,942.0,35.155229999999996,32.78748,232.0,0,0,7
עמיחי,1203,3824.0,,,229.0,0,0,8
גדידה,1204,484.0,35.30188,32.33467,,0,0,7
פוריה - כפר עבודה,1205,1104.0,35.5461,32.71949,344.0,0,0,8
בקעות,1206,3612.0,35.45475,32.243140000000004,216.0,0,0,8
מכמנים,1207,1202.0,35.3279,32.906729999999996,545.0,0,0,8
מכר,1208,519.0,35.13904,32.935159999999996,,0,0,8
ברק,1209,141.0,35.26502,32.54275,372.0,0,0,8
עארה,1210,646.0,35.07743,32.369209999999995,,0,0,7
נווה חריף,1211,1279.0,35.035140000000006,30.037959999999998,79.0,0,0,1
פארק תעשיות ספירים,1212,1763.0,,,,0,0,8
"אזור פתח תקווה של""ש",1213,1889.0,,,,0,0,5
ברעם,1214,667.0,35.43412,33.05887,572.0,0,0,0
רמות,1215,4702.0,35.666129999999995,32.850120000000004,624.0,0,0,0
אפק,1216,313.0,35.12733,32.83814,694.0,0,0,0
דלתון - פארק תעשיה,1217,1709.0,,,,0,0,5
משאבי שדה,1218,421.0,34.78686,31.003729999999997,489.0,0,0,1
גיתית,1219,3613.0,35.3943,32.10283,528.0,0,0,1
מיצר,1220,4019.0,35.73592,32.76599,219.0,0,0,1
